1,11008.2,5936.3,3062.78333333333,2215.7,2181.47926666667,1720.4618,2244.16336666667,1288.32723333333,1650.08173333333,1110.4492,1663.1631,1024.9152
2,12395.8333333333,5972.77726666667,3956.75786666667,2398.1616,1910.97056666667,1640.8639,1480.23053333333,1301.70163333333,1369.3425,1279.07843333333,1186.37303333333,1100.05636666667
3,7803.3,6601.32983333334,1919.0212,1540.84933333333,1168.127,1282.29073333333,1318.10996666667,962.899566666667,857.006133333333,719.583333333333,803.1598,676.567966666667
4,16118.8333333333,8713.61666666667,5095.86666666667,4015.96666666667,4476.3098,3086.3188,1988.34203333333,1849.35896666667,1484.99016666667,1653.71336666667,973.0638,891.782833333333
5,4713,2558.93013333333,1820.26366666667,1217.07893333333,990.852366666667,850.2496,845.9306,721.062133333333,666.356633333333,643.7364,690.2609,636.7788
6,14178.4333333333,4085.71493333333,2128.62933333333,1703.7966,1314.64103333333,1102.163,1356.4486,949.200166666667,944.864133333333,960.014766666667,949.1096,826.2687
7,14757.9,6941.57866666667,5577.56136666667,2790.64586666667,2251.88656666667,1921.93303333333,1869.6505,1500.6545,1437.9224,1230.18606666667,1007.71086666667,995.876666666667
8,4450.53333333333,2230.71876666667,1282.698,1178.3466,799.205066666667,818.374966666667,754.1664,616.728333333333,622.680333333333,587.299,768.2946,611.1992
9,12785.8,7892.5496,4152.7955,2324.16626666667,1716.50713333333,1592.4382,1527.93566666667,1223.16676666667,1027.68683333333,1049.08263333333,1181.62323333333,921.536333333333
10,9248.83333333333,4559.01286666667,2724.25,2028.648,1882.8935,1566.11166666667,1438.49523333333,1306.66366666667,981.429966666666,1410.83133333333,958.2272,885.212266666667
11,265260.533333333,114622.082666667,36568.6661666667,28392.7166666667,16906.9462,9578.02726666667,5865.5643,5763.77643333333,4671.33726666667,3568.90216666667,2385.9361,1659.86753333333
12,11558.7333333333,6120.08293333333,2478.396,2121.591,1350.77446666667,1330.63363333333,1321.12336666667,1301.12483333333,1112.98993333333,903.7766,1132.7263,942.506266666667
13,51592.6333333333,25025.8833333333,13045.2607666667,6591.68266666667,3512.03373333333,2004.3165,1573.52743333333,1293.64276666667,1055.6948,1042.66033333333,840.676866666667,621.271133333333
14,6607.7,4383.816,3654.9996,2284.56616666667,2105.49483333333,1843.331,1157.71436666667,1225.46466666667,1418.28126666667,1079.19933333333,896.981166666667,816.081266666667
15,3759.93333333333,1897.64883333333,1239.09413333333,866.45,766.067433333333,824.6817,961.3928,708.701533333333,605.089833333333,601.7333,641.339,581.1585
16,5513,2707.11526666667,1738.496,1251.76626666667,1014.60016666667,857.9222,793.2467,662.4928,755.7944,683.462766666667,686.2488,696.046266666667
17,10432.6666666667,4560.3496,3759.21616666667,3319.28333333333,3457.1612,2354.879,1362.2271,972.4946,1065.4433,932.5644,709.9992,581.9
18,9110.8,4453.57023333334,3974.048,2225.19683333333,1798.19773333333,1378.1776,1197.88076666667,1180.51196666667,1179.03683333333,1027.36113333333,930.936933333333,947.3686
19,16566.8333333333,5661.83266666667,5746.0987,3733.116,3792.33203333333,3255.51403333333,2164.20733333333,1520.25793333333,1546.72733333333,1229.94196666667,858.6631,790.843733333333
20,9292.46666666667,4114.8464,3533.43283333333,3136.16666666667,2954.09593333333,2057.17273333333,1123.1061,883.7942,932.508033333333,841.579466666667,610.1996,560.25
21,3698.4,3403.2112,2050.68243333333,1561.85276666667,1189.47576666667,1034.79943333333,1060.81146666667,883.292033333333,684.0812,675.959066666667,636.3262,655.774966666667
22,4014.5,1903.63226666667,1327.28293333333,1167.91666666667,1042.87396666667,848.4586,951.5995,663.227866666667,631.479333333333,588.8975,578.465666666667,582.847
23,14794.4666666667,9034.79933333333,4545.1,3172.68333333333,2177.1043,1634.13373333333,1766.12456666667,1410.9889,1113.03386666667,1284.18786666667,1132.51513333333,902.722866666667
24,6778.7,3815.4601,1791.74333333333,1505,1181.32226666667,1171.86326666667,1162.989,991.994933333333,832.5092,838.575666666667,847.3116,753.4631
25,126499.566666667,54833.65,28686,15586.9162666667,9703.6395,4876.4644,2820.51693333333,2500.14006666667,2304.4776,1825.8296,1534.50636666667,1387.55456666667
26,5050.36666666667,5294.2692,1973.4871,1567.03993333333,1148.17276666667,894.399733333333,832.412966666667,731.690566666667,768.065633333333,636.8459,604.423733333333,457.993233333333
27,17222.5,6079.54933333334,5269.2466,4958.51566666667,7482.78193333333,3070.7137,2031.9699,1638.9917,1560.44256666667,1286.3769,860.2752,795.693166666667
28,13891.4333333333,6622.03333333333,2928.56466666667,2245.25,1763.9428,1611.9441,1804.29423333333,1172.1447,1093.34613333333,1080.2768,1154.0436,976.2432
29,66998.4,34283.1833333333,13897.95,10844.3996,7756.5556,4603.65686666667,3539.85556666667,2860.05703333333,3080.8161,3190.6762,2268.3479,2214.6906
30,16402.0333333333,9347.98093333333,5276.06566666667,2826.23166666667,2317.95826666667,1861.0442,1467.4421,1332.2657,1644.02713333333,1451.1095,1329.8943,1269.87866666667
31,55616.2666666667,26601.3,12115.8833333333,8608.03066666667,5537.19703333333,3200.49903333333,3091.019,2266.0726,2426.971,2353.63516666667,2107.62896666667,1849.41933333333
32,20191.2,7424.68333333334,5928.5486,3173.21666666667,3428.01223333333,4560.49146666667,2013.4886,1620.0127,1511.66213333333,1057.8619,908.0605,700.6972
33,25292.4,14092.9,7824.8956,4355.148,2934.46833333333,2076.58073333333,2025.4027,1761.61443333333,1759.72503333333,1779.07756666667,1566.87093333333,1321.24893333333
34,6221.36666666667,4239.16666666667,3709.88133333333,2266.16666666667,2081.34283333333,1863.7156,1179.92603333333,1164.19403333333,1264.08333333333,987.596533333333,847.148333333333,799.746333333333
35,15850.5,5258.24933333333,2961.28293333333,2595.33233333333,1772.9599,1221.12386666667,1316.17603333333,1514.56053333333,1066.42536666667,1289.29583333333,896.646533333333,963.747533333333
36,45275.1,25917.9666666667,10001.6833333333,8156.18333333334,5518.76686666667,3336.30436666667,2861.21826666667,2051.61983333333,2195.0055,1814.22226666667,1757.0283,1484.9573
37,8886.33333333334,3401.5968,1761.898,1308.41626666667,1156.70703333333,989.353033333333,1098.62396666667,859.103233333333,772.820133333333,764.707833333333,818.574566666667,758.903933333333
38,6155.6,4041.03226666667,2098.03293333333,1483.48333333333,1161.78933333333,1187.55586666667,1176.297,870.196,833.047,940.230166666667,813.061166666667,744.2087
39,4356.8,2722.10903333333,1574.18293333333,1145.966,769.7415,829.5452,845.578533333333,642.559533333333,570.8454,543.2492,659.2456,534.0795
40,4045.53333333333,2580.33293333333,2283.58293333333,1455.75,1111.03313333333,920.774366666667,965.316666666667,754.379033333333,675.5964,720.248,728.1496,697.066666666667
41,6956.5,4646.43243333333,1732.27076666667,1946.6452,3237.13353333333,1211.3116,1354.39326666667,1170.37266666667,775.378833333333,793.1236,715.970766666667,860.5459
42,3058.56666666667,1968.6996,1451.3941,959.760933333333,853.018666666667,798.2761,793.727233333333,703.2745,638.931866666667,648.229933333333,698.5496,646.896433333333
43,20189.5,10818.716,6697.89576666667,3815.95,2672.93126666667,1924.05416666667,1969.5795,1661.86236666667,1564.14203333333,1504.3523,1421.68673333333,1174.3521
44,7278.23333333333,2926.6462,1920.15,1424.31666666667,1284.82533333333,981.601666666667,1096.67356666667,692.3414,766.0575,720.293733333333,683.680633333333,645.4476
45,6410.46666666667,2707.41346666667,1733.28083333333,1581.9155,1494.06333333333,1011.88193333333,1138.55913333333,786.681866666667,864.677766666667,823.482933333333,700.933333333333,603.630533333333
46,42381.3,25134.7985333333,11429.3423333333,7009.66536666667,5966.3849,3851.42656666667,2143.67823333333,1686.53326666667,1604.97756666667,1434.78096666667,945.0899,724.682733333333
47,23501.4333333333,19919.248,7222.1991,4143.26426666667,2744.33606666667,1919.77656666667,1896.23256666667,1821.47483333333,1322.9038,1196.746,1080.6712,1458.3842
48,46108.0333333333,22116.5995,10067.3092,5989.2135,3870.8302,2580.15546666667,2045.4174,1974.39166666667,1874.11396666667,2062.6573,1662.0106,1348.06756666667
49,31536.2666666667,11395.2166666667,5235.299,4040.78333333333,2242.9915,1746.77083333333,2006.5345,1475.0549,1352.55263333333,1590.53883333333,1426.23493333333,1011.4593
50,6455.73333333333,5048.19853333333,2141.33233333333,2057.398,1444.97866666667,976.374766666667,920.941633333333,1092.38976666667,864.159033333333,825.0305,722.177866666667,752.415866666667
51,27109.4666666667,11266.4996,8181.964,4905.03283333333,5467.20336666667,3974.41453333333,2411.1382,1564.83753333333,1762.28333333333,1400.03606666667,1140.457,910.0179
52,3510.2,1918.23153333333,1563.01426666667,1135.449,974.5905,1039.80853333333,823.3835,752.799433333333,663.8062,633.715066666667,572.6316,539.8854
53,48901.3,26284.05,10928.5488333333,7827.53333333333,5610.8295,3193.3204,2865.2243,2298.73383333333,2511.11973333333,2018.76136666667,1960.28373333333,1804.65516666667
54,24774.8666666667,18740.5794333333,5693.8996,4027.53243333333,1761.33333333333,1040.3545,1069.52666666667,782.910866666667,571.126866666667,529.8673,450.177766666667,287.5452
55,23885.4333333333,10610.8476,3708.5901,2669.798,2065.48926666667,1868.61776666667,1906.78066666667,1498.84383333333,1556.75393333333,1350.59953333333,1558.78586666667,1353.22356666667
56,6329.13333333333,6032.69653333333,2794.08233333333,1688.544,1629.2801,993.852266666667,1007.38206666667,1214.03943333333,757.628266666667,723.610466666667,734.025133333333,1068.32866666667
57,5422.76666666667,3770.01266666667,2607.06666666667,1782.89933333333,1311.00513333333,1021.75686666667,1076.0951,788.256533333333,858.829833333333,806.465666666667,673.614166666667,701.564666666667
58,13793.9666666667,8913.34376666667,4963.35,2962.77726666667,2043.58193333333,1725.7802,1576.7509,1486.23946666667,1231.53936666667,1271.63176666667,1039.75736666667,1007.81676666667
59,5900.86666666667,4608.6,2219.83293333333,1615.13333333333,1177.97866666667,1118.17063333333,1132.14386666667,791.277233333333,661.4619,696.364,736.227766666667,658.382933333333
60,16180.6666666667,12543.298,5647.31566666667,3597.3471,2119.09133333333,1765.0564,2169.80313333333,1727.5042,1473.688,1550.12463333333,1330.6388,1082.85546666667
61,3931.9,2206.12296666667,1867.80866666667,1087.64726666667,851.125,844.7477,908.575866666667,822.7606,660.1992,638.198,701.478933333333,620.646433333333
62,5963.2,3481.03333333333,1498.4638,1226.3,1095.0575,1115.3121,1383.5495,769.528033333333,738.431333333333,780.078533333333,819.181533333333,754.1596
63,5117.2,2758.1607,1617.598,1340.24893333333,863.187833333333,901.470033333333,990.638233333333,678.0576,624.8923,630.061666666667,732.278433333333,571.147633333333
64,4857.73333333333,2916.98026666667,2302.91616666667,1912.91666666667,2009.44733333333,1930.6656,1189.14133333333,855.765666666667,839.561666666666,768.4643,609.498,560.131333333333
65,8382.13333333333,8139.85606666667,2819.78246666667,2064.52393333333,1047.3256,785.217433333333,972.7814,473.881533333333,402.540233333333,265.626266666667,325.410766666667,296.714466666667
66,8795.33333333334,5425.3642,4323.0486,2622.43133333333,2325.052,2038.8046,1257.39156666667,1211.9219,1358.51193333333,1167.62226666667,991.823666666667,926.467333333333
67,14405.1666666667,5992.1,5987.4966,3789.61566666667,4094.80646666667,2800.61873333333,1455.58673333333,1152.411,1318.55803333333,997.1126,671.2811,594.083333333333
68,17446.6,6658.43333333334,7024.6475,4182.2482,4951.0377,3246.2405,1620.73603333333,1320.85966666667,1553.1068,1206.54333333333,799.162933333333,776.730466666667
69,10238.8333333333,4902.8156,2782.298,2012.11366666667,1570.6486,1265.55426666667,1145.38666666667,1071.24346666667,930.0587,909.094166666667,905.711166666667,882.909833333333
70,3315.73333333333,3409.8076,2197.952,1678.50986666667,1471.21876666667,1233.46166666667,1006.11526666667,802.206366666667,784.020433333333,713.290966666667,598.1236,625.194766666667
71,5544.9,4622.49683333333,1583.92243333333,1184.7782,1095.57743333333,967.815766666667,1045.96366666667,709.1122,640.801966666667,529.3145,267.162566666667,163.9464
72,3853.13333333333,2857.28003333333,1279.65,999.516266666667,661.4148,720.9992,783.632533333333,594.9766,548.1473,519.75,689.1492,556.1315
73,16326.8,6843.82943333333,5955.42543333333,5857.3041,3241.67966666667,2850.91596666667,1307.0409,1108.3534,772.5777,683.188633333333,257.8319,215.880833333333
74,5249.03333333333,2020.18063333333,1742.08093333333,1360.21426666667,1020.6223,830.7167,748.061966666667,678.165666666667,592.436166666667,621.1184,631.169433333333,593.232966666667
75,3117.73333333333,1754.27813333333,1294.32626666667,1111.06476666667,922.823533333333,731.9408,658.113233333333,619.136966666667,605.39,608.7805,546.5055,530.717733333333
76,13048.2666666667,10742.85,5363.31666666667,2954.43333333333,2579.9786,1947.14246666667,1726.1138,1624.72726666667,1558.04456666667,1228.8608,1171.6752,1028.55946666667
77,6393.13333333333,4012.816,2678.25,1896.31626666667,1809.7655,1748.21276666667,1260.02633333333,979.129233333333,1094.5477,857.496933333333,743.515666666667,615.6796
78,23513.2666666667,10283.6333333333,4407.01666666667,3237.43333333333,2459.24786666667,2294.5285,2017.78226666667,1765.1095,1860.93163333333,1686.27986666667,1724.82736666667,1431.66246666667
79,9846.93333333333,4915.266,3540.03133333333,1759.83133333333,1292.57473333333,1124.02163333333,1102.72836666667,1010.1811,1056.1876,907.3699,1039.3123,932.5672
80,22039.0333333333,5540.78333333333,3418,2271.15,1637.53066666667,1395.84693333333,1756.1647,1236.07826666667,1215.8216,1272.70596666667,1088.55463333333,1050.6449
81,16601.5,13663.5333333333,5004.11466666667,2948.76666666667,2141.4052,1689.7984,1901.95556666667,1503.4355,1337.6916,1273.6747,1223.72136666667,1009.13996666667
82,7590.7,3857.397,2011.43333333333,1869.2,1558.5976,1155.02466666667,1172.6113,975.829266666667,761.446866666667,743.178333333333,735.264433333333,619.7
83,17222.2333333333,5953.36566666667,5633.13203333333,3778.4496,8091.83146666667,3446.26163333333,2237.99246666667,1435.12816666667,1427.81026666667,1253.96143333333,854.196966666667,755.992466666667
84,13103.3666666667,3724.5215,1940.8415,1680.0932,1151.55613333333,1034.3929,1374.62966666667,862.741366666667,726.4186,383.382066666667,387.090466666667,223.6668
85,56549.6,22719.9833333333,13173.6828333333,7179.95,5077.00893333333,3522.75273333333,3354.1434,3122.21253333333,3059.06756666667,2917.38703333333,2652.35036666667,2474.3002
86,4973.23333333333,3747.38133333333,1636.87986666667,1119.06026666667,955.018233333333,1170.97353333333,1150.4467,893.2379,667.3308,825.545,871.979933333333,707.729633333333
87,54312.2,31432.9661666667,13143.7563333333,10077.4993333333,10153.9096666667,4089.2314,3290.42843333333,2404.16143333333,2416.4574,1908.2807,1864.90573333333,1952.7012
88,10946.7333333333,5074.28226666667,2922.86666666667,2325.3,2687.614,2585.63,1382.82573333333,1377.64743333333,1197.33126666667,1086.31526666667,809.816666666667,838.7464
89,6911.3,4092.1876,3009.1572,1689.5546,1234.0895,950.473366666667,1141.25093333333,719.712066666667,719.025566666667,761.3502,781.5901,653.843866666667
90,11734.7,6897.46436666667,2482.03333333333,2594.19643333333,1659.89533333333,1155.72193333333,962.520333333333,860.026933333333,829.211766666667,934.9,722.75,660.215866666667
91,4502.4,1730.43283333333,1049.4984,1124.39466666667,2617.913,785.0454,968.130933333333,743.8111,643.026833333333,594.466266666667,680.9951,678.848
92,21936.8,9544.39393333333,6773.6623,4182.36186666667,3201.63063333333,2682.67763333333,1723.37073333333,1365.1269,1151.76686666667,1133.32213333333,716.104533333333,734.0669
93,16526.0333333333,10093.1,7267.3,4438.13333333333,7142.24893333333,3699.53253333333,2519.7477,1904.73153333333,1773.76113333333,1410.3397,1144.8584,925.011033333333
94,29197.8333333333,11626.1,9441.56666666667,5817.38333333333,5697.07343333334,4530.50513333333,2566.50833333333,1862.51966666667,1997.02256666667,1648.57403333333,1200.8411,932.627933333333
95,4403.33333333333,2968.18333333333,1776.73293333333,1781.61666666667,1392.09683333333,1083.7952,880.6927,979.213466666667,734.2125,938.2496,696.615166666667,701.330666666667
96,39412.7333333333,20690.5483333333,9206.00876666667,4228.8257,2890.82476666667,2043.0569,1660.4846,1714.5962,1359.37766666667,1196.35573333333,1049.926,951.799766666667
97,14723.1,6947.48333333333,4423.71566666667,3401.81666666667,3370.81616666667,3169.75856666667,1975.87843333333,1444.09723333333,1225.0954,1109.12763333333,859.463766666667,707.9472
98,9423.36666666667,6251.51006666667,3123.78093333333,2316.80786666667,1566.6123,1267.11346666667,1347.24606666667,1258.06,1051.77516666667,959.914766666667,869.845033333333,760.087166666667
99,19968.9666666667,11136.7646666667,6056.73333333333,4012.6,3798.52933333333,2156.6427,2078.57486666667,1695.54293333333,1768.92353333333,1602.6926,1475.28823333333,1244.3398
100,21065,12696.8333333333,6007.05,4229.18333333333,2837.3928,1971.85333333333,2201.6575,1708.7183,1467.34036666667,1536.7058,1296.10463333333,1035.60176666667
101,11055.9666666667,3900.20773333333,2032.01266666667,1964.11586666667,1328.02723333333,1228.58753333333,1397.37813333333,991.008833333333,881.737566666667,861.073733333333,934.842033333333,795.857266666667
102,4309.5,2845.22966666667,1522.18333333333,1199.96666666667,993.605533333333,1059.91666666667,1069.4771,724.929533333333,644.632033333333,609.064666666667,670.180533333333,663.665366666667
103,19177.8333333333,7717.06526666667,2924.75,1751.6,1579.8962,1438.1622,1624.86486666667,1366.98953333333,1155.88953333333,1038.7693,1290.1872,1228.24046666667
104,4673.8,2600.081,1614.6976,1278.5145,1140.5219,978.9446,825.477233333333,730.839666666667,803.829,860.132433333333,656.163,637.391933333333
105,6084.4,4649.57563333333,1933.98266666667,1566.42616666667,1002.45793333333,933.4829,1168.9366,821.840766666667,610.161733333333,352.5892,180.261,155.797166666667
106,49966.3,24002.9487,9230.3281,5496.40973333333,3433.10163333333,3446.8911,2113.31353333333,2016.1485,1869.61796666667,1863.7105,1514.8085,1051.99103333333
107,43238.6333333333,23564.5747666667,4503.48693333333,5426.89716666667,5377.74496666667,2204.2131,2151.82736666667,2088.20883333333,1501.73233333333,1596.75593333333,1166.162,1074.48363333333
108,43578.6666666667,27280.4833333333,8981.39383333333,4676.01136666667,2718.73646666667,1954.58463333333,1791.49933333333,1531.4532,1285.15666666667,1176.7482,932.8191,587.1988
109,9553.4,4746.816,3351.98333333333,2641.41666666667,2874.048,2758.78216666667,1654.4612,1411.83333333333,1322.6638,980.514266666666,735.6995,680.3492
110,9466.66666666667,5722.25806666667,2021.6345,1977.39493333333,1466.56063333333,1152.59493333333,1013.2644,950.073966666667,781.035933333333,932.1831,885.7571,762.071366666667
111,14279.3,3214.38283333333,2456.28193333333,1890.14233333333,1079.89393333333,795.129333333333,1068.74583333333,845.431033333333,818.8757,1022.02516666667,785.073533333333,807.2946
112,7372.4,3529.13186666667,2237.16416666667,2000.666,1912.62696666667,1450.6753,1314.3923,957.3455,919.941533333333,926.844,735.7306,664.482933333333
113,9177.76666666666,4240.45926666667,2067.6986,1994.46316666667,1394.82576666667,1143.34096666667,1091.04073333333,1052.36743333333,954.594966666667,862.906666666667,959.306966666667,785.806866666667
114,3421.4,1762.63333333333,1077.33186666667,963.3476,793.806466666667,830.5391,786.843066666667,680.9116,627.279333333333,600.012166666667,584.1125,597.228833333333
115,22914.4333333333,10758.45,6205.86566666666,4752.26666666667,2644.79326666667,2062.36363333333,1972.0367,1735.4055,1616.08266666667,1653.4417,1361.18616666667,1010.96946666667
116,7191.6,3772.0387,2032.42626666667,2074.265,3178.78226666667,1089.10673333333,1260.53046666667,872.0403,991.685333333333,760.1234,752.806966666667,869.1263
117,18931.9,6502.9808,2432.38166666667,1847.35,1420.1536,1436.76086666667,1654.47316666667,1317.54503333333,1089.64553333333,1067.56546666667,1259.36803333333,1014.3799
118,2884.66666666667,1748.53333333333,1184.02973333333,1044.2247,857.524666666667,752.715266666667,769.4933,616.0611,562.7475,568.63,604.5466,607.464266666667
119,3742.46666666667,2349.38333333333,1656.11536666667,1428.844,1137.38993333333,987.7894,1049.7451,796.3598,627.3976,657.628766666667,628.530266666667,582.910166666667
120,24116,11867.65,4926.83243333333,3247.16666666667,2883.5984,2335.2122,2092.88243333333,2204.4476,1666.80803333333,2079.776,1765.04103333333,1657.6896
121,4975.7,4007.3626,1897.96666666667,975.580833333333,707.113266666667,744.9275,1042.94413333333,814.410466666667,1515.132,668.55,760.828033333333,643.132933333333
122,4056.73333333333,2511.26666666667,1306.73106666667,1045.24426666667,916.625233333333,940.078366666667,1155.97926666667,673.212966666667,646.0405,610.347,641.744666666667,585.474
123,2533.36666666667,1548.82373333333,1045.096,1122.01226666667,822.931266666667,624.0747,641.309066666667,591.5961,537.998,519.65,529.85,523.9495
124,57763.5666666667,30505.4816666667,12267.8316666667,7542.18183333333,4628.33446666667,3601.32876666667,2574.209,2635.32873333333,2266.64936666667,2009.15066666667,1966.36136666667,1750.44733333333
125,16334.7333333333,7491.4037,3543.78803333333,2625.8712,1453.69796666667,1460.89906666667,1493.70563333333,1403.79606666667,1217.5536,1307.00926666667,1165.06583333333,992.5187
126,7777.1,5970.7294,3395.29416666667,2138.03816666667,1621.31753333333,1408.96363333333,871.101766666667,426.520666666667,457.4633,254.526866666667,186.2484,182.765366666667
127,18442.4333333333,11693.8939333333,4088.5722,3314.52603333333,2104.19773333333,993.552033333333,1006.43616666667,878.206466666667,512.171,464.370633333333,346.475633333333,300.592766666667
128,7160.46666666667,3453.5748,2425.09133333333,1726.06416666667,1178.40943333333,1058.0878,1129.85893333333,887.221233333333,820.301166666667,818.900066666667,664.3501,673.762
129,19402.3,7140.56366666667,4356.095,2763.76366666667,2491.5839,1651.48703333333,1750.39176666667,1089.25376666667,1249.03466666667,1008.59916666667,1104.7091,935.689933333333
130,23471.5,12518.0493333333,7779.25,4998.08333333333,3691.02783333333,3433.10946666667,2827.4578,2023.57526666667,1923.87376666667,1838.2607,1497.31963333333,1267.3411
131,7161.36666666667,3605.3616,1794.07533333333,982.930333333333,884.069866666667,791.156,803.481633333333,842.651933333333,727.660533333333,704.835,733.600466666667,649.6802
132,21383.4666666667,10665.7321666667,5374.43333333333,4149.05,2504.34183333333,2045.8972,1874.9736,1727.01176666667,1587.90686666667,1589.32573333333,1464.00896666667,1331.01076666667
133,20900.9,8651.7535,4046.9942,2966.01016666667,1747.47496666667,1425.22426666667,1515.74283333333,1671.2681,1079.74356666667,1106.80203333333,1142.49416666667,915.470866666667
134,3923.23333333333,2260.20816666667,1556.7391,1467.5085,1097.4302,833.724533333333,830.804466666667,750.9445,862.1797,694.0456,619.864666666667,624.530933333333
135,15861.7,10106.9826666667,5156.766,4194.2496,6857.8944,1795.0215,2299.78833333333,1558.72153333333,1287.5167,1276.12373333333,1258.89153333333,1177.67336666667
136,16811.3333333333,8662.4982,4096.77963333333,3428.8951,2071.6099,1812.03716666667,1718.74373333333,1416.43183333333,1224.96516666667,1189.18543333333,1219.4472,961.5822
137,48406.4666666667,20844.898,13467.4989333333,8868.77993333334,6928.3487,3721.01743333333,1992.23033333333,1579.00476666667,1561.40536666667,1549.03746666667,716.8866,432.870333333333
138,23741.5333333333,8657.4941,6101.07693333333,4738.6932,4412.8782,2642.83163333333,2166.3736,1702.4594,1561.08803333333,1462.91353333333,973.2237,915.358366666667
139,5545.46666666667,5764.57803333334,2517.42666666667,2295.67633333333,1447.9733,1334.17816666667,996.9914,1038.9354,902.080366666667,853.2245,658.4593,644.720866666667
140,5746.33333333333,6016.53103333333,2374.03333333333,1901.19933333333,1611.36366666667,1094.6735,1046.90653333333,844.8905,797.077166666667,873.712866666667,660.85,629.613066666667
141,3622.83333333333,1826.4911,1304.7952,1064.08226666667,746.084666666667,799.216633333333,906.1893,711.279033333333,639.847,636.911666666667,690.8281,633.0767
142,17367.2666666667,8977.2996,4248.86016666667,2432.21586666667,1837.21263333333,1671.35136666667,1726.08543333333,1303.5143,1258.85553333333,1178.58296666667,1382.78553333333,1121.1175
143,4206.8,3735.51483333333,1704.6095,1287.266,1148.68816666667,932.686433333333,948.5923,867.228133333333,621.340733333333,702.342133333333,705.863466666667,701.911666666667
144,8745.76666666667,4124.76166666667,2408.51016666667,1837.48026666667,1310.443,1276.46736666667,1249.01036666667,1003.88623333333,905.865133333333,1150.535,1256.94793333333,860.603166666667
145,89603.2333333333,45905.1313333333,19787.1934333333,10192.5131666667,6808.40186666666,5205.8327,3314.0046,3775.65326666667,2783.1484,2695.9032,2394.35396666667,2097.1886
146,5947.7,3200.46553333333,1995.57626666667,1596.0576,892.593633333333,850.657033333333,1000.3151,771.697733333333,656.362666666667,403.435333333333,111.2171,117.5514
147,12650.4,6885.816,3745.01566666667,2554.58333333333,1972.97793333333,1529.75163333333,1629.09106666667,1235.49106666667,1086.15623333333,1246.79126666667,1156.47843333333,931.444833333333
148,29358.1,14222.8986666667,5631.06626666667,4424.6,2867.87253333333,2437.4195,2233.8128,2292.9927,1970.44346666667,1810.22156666667,1846.87543333333,1555.04173333333
149,26404.5,15016.1996,7945.4,5290.41626666666,4089.65843333333,3065.09183333333,2493.59573333333,2206.27446666667,2724.38046666667,2169.02676666667,1782.88646666667,1745.05786666667
150,16766.2333333333,10526.416,6450.93333333333,3291.649,2810.15506666667,2261.57316666667,1981.82666666667,1621.00393333333,1504.95733333333,1510.37703333333,1280.1923,1010.35726666667
151,17648.3333333333,10267.2653333333,4036.7965,3150.88333333334,1912.68583333333,1599.47123333333,1639.87303333333,1399.6569,1084.33436666667,1069.38753333333,1220.9591,947.188866666667
152,46912.2666666667,16175.2820333333,6920.72986666667,4537.5482,3005.76066666667,2243.8381,2323.7432,2343.37116666667,1750.73593333333,1891.89473333333,1899.08043333333,1695.90423333333
153,4887.5,2055.89853333333,1469.45,1350.23333333333,985.658666666667,856.995,906.1413,791.590533333333,671.192866666667,712.9458,658.4956,640.878033333333
154,19519.5333333333,5811.38016666667,4374.32766666667,2574.16116666667,1639.06643333333,1527.7312,1756.6149,1226.9186,1246.89586666667,1259.19776666667,928.351833333333,895.007733333333
155,11068.8333333333,7257.3807,3340.13053333333,2417.926,1399.88613333333,1320.137,1623.36896666667,1739.30586666667,965.484633333333,848.146833333333,933.0219,829.857566666667
156,4862.33333333333,3457.948,1762.26626666667,1557.58333333333,1129.01336666667,1093.12933333333,993.4,747.658666666667,830.413266666667,685.830933333333,649.248,660.365366666667
157,14811.3333333333,7659.2476,2883.442,2345.56466666667,1821.60273333333,1579.5376,1567.14503333333,1092.53063333333,1200.91173333333,1095.79746666667,1167.60826666667,1027.7996
158,6916.46666666667,3140.94176666667,2253.016,1901.56466666667,1295.5778,947.376233333333,997.6853,850.527566666667,824.686066666667,814.0223,752.2428,665.0574
159,33043,16362.45,7544.18333333333,5435.03333333333,4346.94,2719.2688,2564.074,2621.3571,1814.39846666667,2198.70363333333,1780.27216666667,1551.23613333333
160,32041.5,17197.9878666667,7659.15003333333,5353.44086666667,2975.17116666667,1702.39683333333,1376.29996666667,1166.74656666667,993.348866666666,1003.93293333333,681.2325,581.9823
161,120253.5,53634.5,21244.4656666667,15805.2166666667,9677.70026666666,5230.93123333333,4695.88493333333,4858.00053333333,4288.4832,4042.01966666667,3515.4041,3100.89773333334
162,3801.9,2390.1707,1394.71316666667,1054.83926666667,834.881233333333,723.300033333333,733.859866666667,582.436633333333,434.0553,191.6655,141.872,92.5678
163,7039.06666666667,2081.8062,1413.42833333333,992.4996,787.043933333333,829.406966666667,690.071833333333,624.476433333333,640.563933333333,649.35,747.179633333333,579.415333333333
164,11212.9,5122.6,3969.71666666667,3324.63333333333,3276.62586666667,2524.02536666667,1361.34643333333,1216.91216666667,1185.74206666667,996.077333333333,711.5996,623.5996
165,4651.73333333333,3774.77733333333,1552.58733333333,1323.07093333333,1030.9224,683.661333333333,809.5965,727.310833333333,640.7168,718.895066666667,664.7401,574.893266666667
166,29436.7666666667,16756.8333333333,8687.36286666667,4928.6496,4404.2478,3450.66176666667,2345.50683333333,1776.1409,1671.6198,1497.58766666667,975.484033333333,865.573266666667
167,23603.0333333333,14066.9091666667,7115.54443333333,4287.5116,2902.91306666667,1739.94356666667,1693.5464,1766.55296666667,1558.8762,1463.70783333333,1420.86593333333,1516.73026666667
168,42101.7333333333,23389.75,10698.7496,7351.38066666667,5052.93873333333,2630.27713333333,2342.56153333333,1863.33703333333,1850.94163333333,2052.16286666667,1650.98406666667,1388.3998
169,4390.76666666667,3374.68266666667,2044.43333333333,1657.349,1592.91066666667,1140.38886666667,941.976133333333,1080.5362,808.345,1028.94653333333,716.015266666667,747.5106
170,10939.7666666667,3427.05976666667,1875.4421,2457.12316666667,1029.06926666667,839.852666666667,911.154666666667,736.6948,707.5111,694.163,640.46,644.512266666667
171,12964.8333333333,6497.81666666667,4150.38333333333,3272.4,3288.14403333333,2556.89506666667,1582.2627,1711.26183333333,1366.7783,1546.11506666667,853.465266666667,899.532033333333
172,3500.8,2030.94766666667,1368.03243333333,1478.05926666667,947.876666666667,771.6875,757.0475,654.209333333333,586.1312,756.695,578.0485,551.745933333333
173,7079.7,4984.80936666667,2269.00976666667,1658.83283333333,1426.9529,1021.90476666667,1169.9192,862.873766666667,849.267,651.998666666667,226.3194,148.853666666667
174,5865.7,3452.19363333333,2121.1991,1637.96266666667,1146.19713333333,986.6427,1032.7365,909.909866666667,799.785766666667,769.560733333333,625.7508,631.891033333333
175,7677.83333333333,2887.0731,1763.35566666667,1532.60986666667,1044.69773333333,959.5744,1156.11926666667,723.697866666667,564.246566666667,246.4067,270.7814,131.7836
176,2845.76666666667,2136.39103333333,1319.3345,1056.79826666667,884.456266666666,780.306,857.3012,707.197833333333,622.6163,597.2149,622.100566666667,594.476766666667
177,135389.233333333,51274.6996,25485.3423333333,14916.0989333333,10267.0589333333,9381.1325,5231.0946,4762.5815,3959.01786666667,2167.5946,1723.30786666667,1487.4534
178,11133.2,7062.21466666667,3775.16616666667,2877.93333333333,2270.6762,1851.6909,1447.50746666667,1536.37946666667,1313.59736666667,1061.5441,1025.79533333333,916.977833333333
179,20717.9,5906.88026666667,3646.4,2505.03333333333,1529.83783333333,1147.37683333333,1360.07413333333,958.424433333333,913.951466666667,1151.37063333333,898.164466666667,810.9437
180,11692.8666666667,6726.49653333333,3613.52953333333,2851.7995,2209.7114,2131.8844,2030.2888,1480.6312,1456.12216666667,1385.49286666667,1160.68226666667,1177.2336
181,18424.2666666667,13647.4155,6890.43333333333,3988,3257.60236666667,2319.4459,2118.80146666667,1715.75323333333,1585.03903333333,1530.5816,1323.08843333333,1065.12376666667
182,4304.8,2236.79016666667,2775.70576666667,1164.793,957.245166666667,899.121066666667,1026.21713333333,712.7898,763.698466666667,745.425533333333,702.872066666667,654.1996
183,14654.5,6002.91526666667,5645.1956,5780.77793333333,3303.60853333333,3017.74216666667,1829.98486666667,1640.08913333333,1525.08566666667,1461.1514,821.359033333333,740.042366666667
184,25503.4,12177.6754333333,5332.78713333334,3997.79163333333,2128.91176666667,1694.43866666667,1746.527,1502.8303,1290.834,1307.49773333333,1154.4578,1015.78936666667
185,2594.76666666667,1316.673,926.724766666667,945.245266666667,790.887033333333,668.577266666667,842.951466666667,651.125833333333,563.595033333333,609.827333333333,597.0474,571.082666666667
186,22831.9666666667,10503.5666666667,5095.73203333333,3546.76666666667,2964.8806,2282.62646666667,2210.8464,1907.44573333333,1701.5274,1517.72236666667,1577.40853333333,1349.59076666667
187,113577.633333333,56749.5666666667,21728.35,19307.1166666667,24875.1362,7836.75636666667,5190.56913333333,3783.90813333333,3256.52943333333,2127.63796666667,2116.1617,1589.05723333333
188,161966.6,82055.8833333333,26886.2166666667,21335.1,14768.0963,7410.2631,5634.81263333333,6142.24566666667,5708.02816666667,5290.78453333333,4037.3088,3483.02163333334
189,18197.4,8109.66483333333,3415.23243333333,3203.98216666667,2063.1259,1866.9367,1595.12423333333,1269.32733333333,1231.13193333333,1269.94236666667,1134.49236666667,928.460566666667
190,14220.2666666667,3152.315,2564.58093333333,1775.83176666667,1137.94333333333,899.009266666667,1110.7965,795.4991,831.261566666667,1079.02983333333,749.059066666667,710.831333333333
191,5391.8,2998.67556666667,1652.9527,1130.2862,821.525233333333,791.294833333333,852.5937,699.9953,660.7732,644.254966666667,608.9908,592.9371
192,15135.8333333333,3346.65833333333,2959.799,2227.41616666667,1425.31016666667,938.0413,1214.45596666667,977.946033333333,868.345033333333,1057.22596666667,753.745,742.466666666667
193,90821.7333333334,38828.9652,21848.4647666667,12160.898,7139.66703333333,4430.34303333334,2753.73003333333,2501.23866666667,2171.03043333333,1833.19646666667,1449.17493333333,925.871666666667
194,5060.7,3792.38333333333,2122.902,1465.35586666667,1560.72483333333,1245.95286666667,1277.62566666667,909.772133333333,772.111066666667,752.243866666667,741.065066666667,621.876933333333
195,45252.8,18933.5995,8147.3296,5903.63293333333,3449.31283333333,2803.24716666667,2457.3045,2063.63076666667,2257.35736666667,2252.84673333333,2145.6145,1663.2945
196,7422.13333333333,3537.81226666667,2021.31666666667,1559.96466666667,1059.44743333333,943.546,1058.33036666667,1123.91276666667,791.0461,671.7927,727.9812,686.493
197,53017.4,31114.25,12960.6166666667,9898.448,6733.88373333333,4136.3051,3185.28013333333,2271.0164,2692.8693,2197.80396666667,2119.42,1946.0896
198,36641.0666666667,20090.1166666667,8855.0996,6530.6,4264.62756666667,2875.04583333333,2575.00366666667,2363.05856666667,2200.5706,2214.52333333333,2014.97193333333,1828.11853333333
199,7074.9,4165.94733333333,1880.598,1673.949,1428.3456,1178.62853333333,992.7451,971.226033333333,801.7948,932.299,782.466266666667,712.813866666667
200,20205.8,5142.83333333333,3406.3,4131.46666666667,9674.848,1854.6307,2422.66126666667,1275.94206666667,1245.99593333333,1261.22676666667,950.0088,933.5443
201,3906.63333333333,2585.397,1689.02893333333,1234.3151,1081.71916666667,881.5501,884.077333333333,732.1136,646.428066666666,763.861966666667,682.274933333333,653.016666666667
202,25189.0666666667,10930.7316,5277.78033333333,4008.88093333333,3125.21373333333,1673.82066666667,1795.20136666667,1212.52996666667,1109.13456666667,1323.82363333333,1359.20356666667,1043.99993333333
203,28896.3666666667,12432.3833333333,7496.56626666667,5082.098,7920.40763333333,2971.36516666667,2300.79083333333,1605.43596666667,1479.6343,1421.60796666667,1214.1881,929.317066666667
204,173701.8,68027.2166666667,29139.699,18440.4833333333,12270.1262666667,9966.27583333333,6113.67283333333,5085.2399,4289.2463,2287.49363333333,1756.84333333333,1345.9198
205,10099.0666666667,4384.8476,2302.83333333333,1994.55,1421.84553333333,1374.76186666667,1498.06103333333,1052.47993333333,999.4626,972.180266666667,984.981633333333,874.981933333333
206,25484.0333333333,11369.5492,4163.58133333333,1970.86626666667,1962.96076666667,1574.41266666667,1598.56216666667,1613.17533333333,1316.86256666667,1624.12693333333,1498.25506666667,1324.4572
207,30995.3666666667,15135.8166666667,6090.91616666667,3796,3043.5109,2690.69263333333,2157.6297,2383.19373333333,1789.31316666667,2315.07573333333,1944.0972,1819.2758
208,25022.4333333333,14208.5602666667,7086.62776666666,4311.1616,2922.93533333333,1778.59606666667,1896.0137,1808.5555,1617.11306666667,1501.11203333333,1459.01576666667,1547.24273333333
209,104480.266666667,36986.9833333333,17065.95,11648.3166666667,10887.1592333333,4568.75423333333,4034.67456666667,4032.41286666667,3567.60673333333,3885.87233333333,3202.7029,3003.23493333333
210,17217.4666666667,7364.18243333333,7135.9955,3974.23233333333,3152.81556666667,3200.38583333333,2063.6014,1802.09006666667,1742.6262,1299.70676666667,923.093566666667,809.128833333333
211,8458.26666666667,4854.83053333333,3273.86616666667,2057.43333333333,1947.71163333333,1063.65713333333,1133.58146666667,889.275866666667,850.8757,738.4616,695.664266666667,623.2986
212,9255.6,5789.36666666667,2765.31666666667,1881.7,2095.52733333333,1907.91493333333,1257.58233333333,1110.8594,822.2968,854.414933333333,744.0962,586.55
213,2686.53333333333,1998.91233333333,1550.4391,1253.75276666667,940.609533333333,711.4691,728.8529,552.379833333333,577.4276,579.8961,566.4,536.283333333333
214,4014.83333333333,2787.42396666667,1631.842,1334.96166666667,1025.8699,791.7392,788.338233333333,669.4599,683.607866666667,655.4854,707.2606,590.016433333333
215,29350.9333333333,15062.2538666667,6693.45046666667,5164.9198,2563.0107,1568.5654,1227.9114,1141.12676666667,901.650466666667,957.562666666667,609.735933333333,523.217166666667
216,8535.5,5513.83243333333,2795.74683333333,3645.2475,9669.48473333333,2176.1693,2122.93646666667,1100.3413,813.664633333333,736.2819,797.053266666667,701.8604
217,2942.03333333333,1991.42963333333,1726.78233333333,1328.01666666667,951.828333333333,846.327333333333,809.711133333333,617.480533333333,647.4952,601.966266666667,572.9,539.1
218,44380.6666666667,25724.0666666667,11210.6666666667,6120.41666666667,4972.17693333333,3122.39213333333,3007.6416,2763.89543333333,3816.43656666667,2783.811,2477.44483333333,2075.96906666667
219,3440.96666666667,2462.21516666667,1572,1275.83283333333,856.451,833.09,935.740333333333,644.524333333333,664.128266666667,655.278,615.612266666667,599.8926
220,18681.7666666667,7093.83133333333,3614.86446666667,2964.448,1687.64106666667,1430.69233333333,1611.31546666667,882.5415,820.380433333333,920.076266666667,767.7632,671.527933333333
221,12974.7333333333,4888.827,2520.81466666667,2137.8475,1772.29216666667,1556.61466666667,1560.02533333333,1130.9736,980.1522,1106.03956666667,1008.76926666667,925.528233333333
222,5463,2646.69786666667,1630.48293333333,1348.7996,879.077766666667,759.8283,893.4733,711.2942,634.479,643.263466666667,585.0956,589.683333333333
223,16179.7333333333,5306.6867,2588.49093333333,2787.3611,1078.81426666667,1088.31726666667,1217.93866666667,926.773133333333,744.269366666667,515.3446,162.488433333333,170.015733333333
224,3616.33333333333,2161.84403333333,1722.41666666667,1029.85,1240.72966666667,946.674933333333,871.161666666667,705.295133333333,589.265866666667,557.698,577.5635,567.378433333333
225,31322.6,14768.1333333333,8179.0475,5098.69933333333,3527.0426,2734.50636666667,2718.77546666667,1974.57253333333,2089.32316666667,1976.89263333333,1791.25293333333,1492.45226666667
226,9837.9,9404.35,3132.66026666667,2352.34066666667,1913.0367,1320.78206666667,1452.45853333333,975.620033333333,981.656866666667,1035.88576666667,898.969366666667,799.7071
227,14034.1666666667,8598.0758,3659.61083333333,2559.91466666667,1563.00953333333,1455.7254,1606.36226666667,1088.77253333333,1098.63663333333,1288.86763333333,805.397833333333,796.9508
228,8866.73333333333,5746.11133333333,2259.73293333333,2080.99716666667,1319.32893333333,1070.1911,1119.11686666667,1046.79386666667,777.400566666667,723.372933333333,762.109066666667,684.325
229,8384.96666666667,5058.9421,3188.66626666667,2155.79883333333,1803.62893333333,1532.07883333333,1180.02516666667,754.348333333333,794.0384,773.130166666667,726.8616,650.781933333333
230,10493.6333333333,6046.2292,2985.28333333333,1833.7485,1129.90583333333,1008.844,1266.82636666667,954.7077,859.488033333333,738.234766666667,924.654666666667,885.6557
231,10776.3666666667,4722.76246666667,1960.70816666667,1681.23133333333,915.976466666667,981.255766666667,1225.2431,883.224466666667,610.783166666667,663.182,768.420566666666,662.399666666667
232,29687.9333333333,13549.1648333333,8686.25,4802.13293333333,3337.0589,2402.75056666667,2392.68423333333,1994.24113333333,1782.94933333333,1667.81816666667,1553.87036666667,1338.36243333333
233,9691.26666666667,4023.08,2191.41666666667,2204.65,3516.43973333333,1047.38423333333,1199.05923333333,1033.09583333333,681.794833333333,978.116266666667,715.3496,974.933333333333
234,3958.5,3149.49883333333,1996.22933333333,1284.3835,1393.91313333333,1012.1326,949.773333333333,801.210266666667,716.998266666667,602.993466666667,659.5448,703.359433333333
235,21422.3,9581.87616666667,4641.95966666667,5131.0151,12070.8451,3217.55466666667,2776.02183333333,1684.1714,1422.24746666667,1294.5946,1135.30583333333,959.827066666667
236,19793.1,5442.564,4006.998,2313.36666666667,1768.1622,1356.80966666667,1531.6593,1342.50756666667,1067.98823333333,1198.1448,1111.72663333333,950.857266666667
237,17985.7333333333,9003.38333333333,5996.24303333333,3283.58333333333,2322.70406666667,1758.19953333333,1861.06656666667,1584.26466666667,1636.5467,1488.43806666667,1297.16666666667,1122.08763333333
238,37865.4333333333,27514.46,10394.1088666667,6053.54453333333,2926.38386666667,1529.0435,1333.71966666667,1571.85166666667,1070.88316666667,1160.03016666667,836.485433333333,713.403266666666
239,22642.9333333333,21575.7333333333,8656.51266666667,5101.865,3681.3794,2579.8921,1882.26313333333,1906.156,1547.26703333333,1262.70013333333,1114.68483333333,926.917966666667
240,6026.46666666667,3117.6126,2248.26586666667,1736.31666666667,1421.19433333333,1533.92683333333,1401.78176666667,901.566,845.311433333333,737.977733333333,815.6444,657.0947
241,8882.06666666667,5417.01626666667,2434.3,1290.68133333333,1076.11286666667,979.661166666667,1116.44473333333,757.991766666667,798.4097,711.877266666667,753.764166666667,824.515333333333
242,77952,37134.3315,20251.4475,11790.5166666667,7840.4432,5053.77893333333,2228.82733333333,1750.4637,1456.16566666667,985.013166666667,844.351766666667,517.940933333333
243,4462.1,2992.28116666667,1869.8996,1672.466,1403.86666666667,1381.64893333333,986.9641,853.8804,800.514266666667,631.8976,601.65,535.3496
244,3149.23333333333,2505.83333333333,1400.0488,966.2412,969.6236,987.529033333333,1067.13023333333,730.726333333333,670.2961,600.7796,684.5982,643.798
245,32769.6333333333,13633.55,5785.36466666667,3824.93333333333,2889.85796666667,2431.0243,2254.0972,2063.93766666667,2071.8942,1833.9069,1882.57723333333,1719.80453333333
246,24556.5666666667,13271.6333333333,7328.63333333333,4950.5,9056.80776666666,3437.0688,2308.85796666667,1625.85893333333,1443.38756666667,1521.55776666667,1187.09233333333,883.806266666667
247,23166.4,12155.0148333333,5896.593,3366.91666666667,2469.36466666667,2193.0439,2069.72036666667,1737.00303333333,1792.222,1725.83123333333,1725.31753333333,1361.23163333333
248,30619.2666666667,11767.0153333333,8612.74566666667,5760.88133333333,3126.67793333333,2415.7034,2157.32206666667,1896.37656666667,1830.26356666667,1997.4487,1653.93113333333,1395.70333333333
249,24205.6,9137.65,8391.26666666666,4909.56666666666,5277.72436666667,4286.22226666667,2405.82486666667,1736.26056666667,1887.69056666667,1337.55756666667,994.791366666666,784.5455
250,6820.7,3857.7423,2155.11166666667,1778.03216666667,1082.57873333333,981.660733333333,1389.70496666667,880.187033333333,1068.4663,729.232266666667,1069.8693,744.055933333333
251,5175.33333333333,2272.0446,1300.61653333333,1054.15133333333,900.765433333333,814.2776,809.0196,745.999033333333,723.971,777.006266666667,830.748166666667,663.9326
252,51779.6,20794.1495,7745.71416666667,5942.31466666667,3379.632,2683.8986,2636.3584,2311.20353333333,2092.97926666667,2135.26653333333,2044.75243333333,1686.95806666667
253,7770.46666666667,7276.46236666667,2172.7646,1760.0601,873.4922,402.6664,285.8868,316.835233333333,168.8943,105.1177,80.6906,85.5028
254,11558.2666666667,8670.5976,4474.28043333333,2982.71526666667,2531.34403333333,1781.53653333333,1376.29246666667,1344.71076666667,1356.24486666667,1325.14396666667,1074.6618,1035.97686666667
255,8270.2,7319.5491,2322.1091,1827.15226666667,1094.04476666667,1030.90053333333,1311.34856666667,955.4448,798.405433333333,773.317366666667,848.536733333333,686.814533333333
256,13571.4333333333,6235.48423333333,2738.7521,2375.32203333333,1179.4333,926.1108,883.0147,488.0724,388.889666666667,322.1908,206.095866666667,173.989233333333
257,4750.9,3341.54826666667,1937.13333333333,1803.88083333333,1267.52243333333,1154.11026666667,1255.2922,802.0361,736.948,741.944,777.2476,635.2426
258,4407.43333333333,2929.3976,2141.17743333333,1458.5475,1351.57596666667,1023.29283333333,1084.38123333333,804.861933333333,791.3331,787.6407,931.151,739.703966666667
259,14217.3,5252.12493333333,2712.06233333333,2926.4018,1578.35556666667,1346.68393333333,981.534633333333,1029.19293333333,922.1811,414.395933333333,314.898233333333,129.5537
260,17195.2333333333,7030.86666666667,5398.2992,3098.18333333333,3435.4781,3948.7716,1976.65796666667,1468.69493333333,1207.2571,1003.20806666667,815.4906,642.014666666667
261,41942.7,24264.9333333333,10999.2818333333,5926.44893333333,3700.31966666667,3167.51936666667,2563.0243,2093.51843333333,1971.34326666667,1922.05036666667,1669.87023333333,1398.0866
262,54519.3,26151.1,15866.3826666667,9938.2496,7720.0504,5558.8185,2969.34976666667,2304.23686666667,2424.71153333333,2133.59733333333,1475.56913333333,1126.65543333333
263,3132.33333333333,2168.2251,1084.9097,935.1641,756.271266666667,740.108966666667,744.742766666667,700.577266666667,581.461566666667,585.2299,649.594766666667,574.9168
264,4692.56666666667,3037.35976666667,1807.33333333333,1388.046,1083.1407,944.760266666667,847.660966666667,823.8574,885.262766666667,764.261366666667,792.961766666667,628.746333333333
265,3119.16666666667,1808.87766666667,1211.66526666667,1025.58283333333,804.226066666667,683.826266666667,684.646433333333,564.9935,554.4475,667.248,552.4,539.627833333333
266,5041.73333333333,3018.71666666667,1739.55,1490.91516666667,1042.60793333333,857.489666666667,910.875533333333,775.518366666667,655.627866666667,606.061266666667,665.778933333333,625.562266666667
267,9759.93333333333,3894.1986,4805.32993333333,2752.73193333333,2601.86146666667,2597.89613333333,1346.88596666667,1210.34653333333,1086.26033333333,885.309033333333,620.876466666667,578.931466666667
268,33163.8,18706.9,9221.01666666666,5912.2496,4101.6886,3040.65276666667,2620.09093333333,2184.45933333333,2174.15973333333,2122.88923333333,1812.11096666667,1716.57246666667
269,45055.5666666667,24358.8833333333,12666.6661666667,8163.26666666667,5143.20293333333,3245.76666666667,2989.15466666667,2869.05593333333,2719.98623333333,2877.65116666667,2308.21196666667,2152.80393333333
270,18158,5102.76666666667,3298.03133333333,2520.06616666667,1925.84933333333,1466.0467,1560.34703333333,1236.2267,1024.84563333333,1474.68083333333,946.0466,891.514666666667
271,24086.1333333333,7510.93333333333,4869.13056666667,3533.46566666667,3337.81716666667,2095.92136666667,2131.206,1388.20293333333,1677.41386666667,1281.81696666667,1314.3058,1117.9327
272,83774.8666666667,45843.5666666667,16818.1666666667,14025.3662666667,8710.88943333333,4958.70736666667,3674.6478,3469.58333333333,3484.25716666667,2855.9186,2449.53853333333,1925.51476666667
273,55914.9333333333,32498.5493333333,13176.0326666667,9232.45,5854.04933333333,3579.1356,2908.58923333333,2555.89716666667,2582.0905,2324.085,2093.5032,1921.74923333333
274,13522.8666666667,3606.8215,2984.8592,2145.57926666667,1442.28723333333,1069.54386666667,1391.71153333333,1052.39656666667,848.2195,850.5076,862.414266666667,766.953666666667
275,19226,10583.5333333333,7514.16666666667,4308.31626666667,4717.36753333333,3602.5092,2022.65403333333,1461.23226666667,1505.54843333333,1358.6025,1014.5305,765.707033333333
276,12570.6333333333,3262.10246666667,1891.15843333333,2496.62433333333,2959.607,982.148433333333,1165.41443333333,783.365466666667,712.23,682.7536,665.9444,787.1476
277,45166.9,16105.2166666667,7607.26566666666,4626.26666666667,3017.17163333333,2456.27403333333,2539.2434,2196.61876666667,2286.366,2296.97096666667,2013.98516666667,1779.46643333333
278,4734.26666666667,4280.30903333333,2183.47923333333,1495.56633333333,1039.54793333333,449.950166666667,486.010766666667,318.143533333333,239.691366666667,245.4058,132.048933333333,144.319833333333
279,3902.4,2661.31626666667,2156.1996,1784.78333333333,1633.27933333333,1459.3136,939.561666666667,795.913766666667,671.6452,594.4496,528.9,510.2
280,5493.43333333334,3428.67786666667,2080.1995,1310.33333333333,1187.41536666667,1102.46313333333,1163.02843333333,885.6622,800.228333333333,690.794,843.944033333333,759.240166666667
281,5197.66666666667,2355.18896666667,1910.914,1101.17693333333,918.999266666667,762.3307,637.550566666667,382.461466666667,279.5668,257.289266666667,155.8241,217.834
282,10210.9666666667,4844.95,2587.41666666667,1923.3796,1589.96416666667,1395.34806666667,1375.30086666667,1068.59983333333,973.626833333333,945.775633333333,883.139,765.3382
283,24048.0666666667,21736.748,7976.82816666667,5261.41533333333,2805.6734,2195.51773333333,2162.63896666667,2427.26833333333,1615.9249,1392.0402,1062.17606666667,1349.15106666667
284,28340.5666666667,14219.3333333333,9315.8495,5399.31666666667,4140.42923333333,3072.82316666667,2524.37033333333,2050.899,2114.37133333333,2082.2444,1726.60496666667,1518.4244
285,31525.4666666667,14101.594,7435.06076666667,4688.0472,2873.1912,1687.45833333333,1510.32453333333,1127.58576666667,1101.607,920.523766666667,727.384333333333,464.930666666667
286,2757.8,3043.78013333333,1780.54043333333,1382.44053333333,1185.30026666667,1094.1943,1027.84466666667,713.181833333333,762.019166666667,636.5206,638.349433333333,530.454966666667
287,16978.8,7437.76326666667,2652.93333333333,2208.8465,1577.9087,1452.709,1390.16963333333,1344.1225,1193.54196666667,1061.13883333333,1274.12056666667,1102.05196666667
288,16997.2666666667,12781.2333333333,6934.21426666667,4736.38216666667,2977.1475,2405.3895,1807.88046666667,1455.18093333333,1346.48096666667,1225.20673333333,1155.66843333333,907.8038
289,34952.3333333333,11973.2833333333,7358.81666666666,4753.91666666667,2674.91866666667,2082.63496666667,2231.61613333333,1851.4696,1786.27793333333,1986.54993333333,1623.01426666667,1252.8123
290,30709.7666666667,15347.3823333333,6788.1433,4390.22836666667,2705.72406666667,2071.13256666667,1884.4568,1898.17393333333,1789.90226666667,1783.15513333333,1650.8442,1678.94466666667
291,3277.66666666667,2383.6151,1441.4358,923.754533333333,894.8796,966.9902,995.661866666667,793.14,664.1456,619.296,719.665866666667,682.446
292,16475.1333333333,8353.616,4928.13293333333,3576.9986,2533.5534,1776.88496666667,1801.75626666667,1571.98893333333,1397.4853,1559.07766666667,1285.35396666667,1078.90586666667
293,6170.73333333333,3162.5468,1861.73283333333,1359.6,967.6982,953.6808,1172.1982,778.810933333333,725.259166666667,616.694,809.696033333333,679.339166666667
294,20265.2333333333,6311.00683333333,3708.17046666667,2552.82793333333,1815.69203333333,1511.09383333333,1742.6402,1239.3903,1127.8983,1067.27463333333,1169.7759,1001.30693333333
295,3514.93333333333,1850.01023333333,1364.944,1111.393,1024.19836666667,881.648933333333,866.629833333333,676.459033333333,681.749,655.4385,569.1779,544.909633333333
296,6844.36666666667,4836.93333333333,1647.8652,1400.7956,1280.12176666667,1261.60986666667,1438.1442,1057.5948,798.0492,939.4432,902.931533333333,804.561366666667
297,25394.5666666667,10774.8646,7455.8966,5767.046,3720.8329,4205.6483,2045.57646666667,1848.92606666667,1371.06166666667,1410.87136666667,955.416166666666,775.216266666667
298,23458.2666666667,9365.23016666666,6603.7132,4860.89593333334,3557.61796666667,2802.6559,1897.2702,1472.6513,1296.54643333333,1123.0258,779.2143,708.4634
299,7454.2,5338.26426666667,2359.41666666667,2235.36466666667,1372.91,949.810266666667,1141.2466,1085.3919,848.560366666667,867.0651,755.7093,752.382133333333
300,16428.7333333333,9549.516,5013.81466666667,3083.01426666667,2540.1338,1921.8186,1775.37146666667,1631.2146,1243.05266666667,1398.7248,1105.6087,969.424866666667
301,5890.96666666667,2973.18553333333,1623.7424,1140.37793333333,732.209,698.2137,713.752433333333,674.296533333333,620.107966666667,621.951733333333,665.226,706.483133333333
302,3232.36666666667,2204.65443333333,1107.8592,918.4661,731.498066666667,766.650466666667,743.039533333333,692.756466666667,569.576766666667,575.6594,626.008166666667,561.6394
303,22355.1,10296.2312,3773.51566666667,2809.93293333333,2171.2949,1905.87756666667,1795.89683333333,1892.74083333333,1537.6769,1515.95676666667,1576.20663333333,1428.42406666667
304,11404,4783.16486666667,2043.09116666667,1697.7175,929.212533333333,976.3709,1270.72066666667,903.308133333333,654.342466666667,685.4993,769.495766666666,711.711266666667
305,6716.3,3470.9524,2167.08966666667,1373.19706666667,1305.4198,1157.75206666667,1025.5269,1091.82523333333,957.7799,1000.5666,954.873,796.358033333333
306,12369.4,6705.93283333333,3596.84933333333,2012.52933333333,1497.50836666667,1409.92076666667,1488.85676666667,1145.86906666667,1109.47416666667,1045.64093333333,966.361866666667,1047.2662
307,21316.3,14044.266,9152.34643333334,5399.83293333333,2911.12363333333,2222.47693333333,2278.779,1701.6938,1734.01836666667,1555.20956666667,1566.48353333333,1335.9968
308,16892.8666666667,6387.8496,6139.97893333333,5887.93033333333,3411.52526666667,3133.10733333333,1986.86866666667,1722.03623333333,1603.45556666667,1498.4174,915.604333333333,772.808233333333
309,21178.9,10891.3993333333,7599.1996,4444.61466666667,3064.7713,2708.62,2514.42203333333,1742.92046666667,2026.40753333333,1718.6424,1715.08816666667,1334.78456666667
310,7439.03333333333,4012.6472,2495.2465,2151.12883333333,1212.5937,1128.96023333333,1389.91863333333,1008.7082,843.0476,827.9565,783.008766666667,681.869
311,4748.13333333333,3726.63503333333,2142.75843333333,1679.2862,1099.94353333333,928.130266666666,954.410666666667,869.7763,904.116233333333,808.496066666667,698.445933333333,625.661533333333
312,6184.33333333333,3088.53166666667,2645.43093333333,1536.0995,1248.7551,1027.97136666667,1112.734,865.312566666667,801.093633333333,763.716166666667,821.113266666667,805.398533333333
313,3310.06666666667,1664.04203333333,1408.6057,1263.67583333333,775.711666666667,769.900733333333,825.293266666667,659.9979,686.8844,669.6017,585.5713,548.619
314,66552.1,30304.9333333333,15030.3318333333,10051.4666666667,7296.37703333333,4448.78926666667,3707.62326666667,3991.87666666667,3362.4596,3904.193,2833.72693333333,2715.2209
315,60447.2666666667,27384.4166666667,13628.0316666667,8861.2,6934.34076666666,3902.02906666667,3413.72136666667,2967.8738,2969.16436666667,2896.81333333333,2549.63306666667,2210.78236666667
316,18151.7,7540.29866666667,4587.58213333333,3443.6,2197.93496666667,1890.6178,1857.25186666667,1516.96943333333,1436.74996666667,1499.02066666667,1328.29013333333,1126.05373333333
317,7600.9,3899.78243333333,2052.45,1674.86466666667,1178.6848,932.517433333333,1076.04133333333,743.556766666667,806.5342,925.562666666667,863.8,1034.7992
318,7830.63333333333,4118.3383,2225.24483333333,2314.39366666667,1162.56166666667,1000.1284,1217.70263333333,1117.84486666667,876.6387,637.666666666667,175.0274,130.5679
319,17057.3,7876.16466666667,4922.78253333333,3831.38283333333,8319.1441,3411.52263333333,2002.47886666667,1163.29103333333,1376.8718,1145.07933333333,903.1956,692.2472
320,26066.2,13622.4161666667,5665.9986,3933.15,2883.7105,2067.31373333333,2241.98746666667,1566.53023333333,1637.33636666667,1511.7045,1656.3251,1257.75056666667
321,4034.93333333333,2350.01356666667,1532.27943333333,1447.19833333333,1371.80526666667,1051.92783333333,843.245833333333,751.596566666667,733.612433333333,724.306333333333,629.369,620.538266666667
322,15415.0666666667,6082.53266666667,3910.31626666667,3061.1995,1949.9078,1650.31796666667,2041.3107,1503.10493333333,1302.73493333333,1246.0749,1148.0837,1033.6473
323,8481.76666666667,5730.4,2531.86466666667,1895.51666666667,1436.0607,1164.3543,1171.71166666667,1040.9536,834.0439,851.261033333333,916.579266666667,706.231033333333
324,7092.03333333333,4619.7145,2727.04333333333,1879.836,1738.0916,1710.47933333333,1216.03716666667,1270.3976,1260.14893333333,1191.4096,1052.36186666667,890.4947
325,11905.4,6068.2531,3238.21973333333,2403.93563333333,1492.39436666667,1293.0854,1246.43843333333,1236.99,1123.45433333333,1178.52346666667,990.2939,843.100733333333
326,6210.2,2951.62593333333,1634.41666666667,1590.23133333333,925.3928,1051.193,1061.52346666667,676.062433333333,624.731933333333,633.514866666667,787.1931,648.4786
327,9143.33333333333,11107.6756,3591.15693333333,2217.0058,1309.43626666667,792.938633333333,850.1001,597.201566666667,437.6582,299.8288,285.5797,184.272866666667
328,21811.9333333333,10283.5777666667,3178.613,2612.66516666667,1825.18103333333,1720.56403333333,1594.04746666667,1095.84096666667,1088.98343333333,1107.81756666667,1329.8882,996.314266666667
329,39015.4666666667,16416.2945,9459.32526666667,5861.54353333333,3372.07383333333,1930.23936666667,1633.89603333333,1390.53893333333,1339.34186666667,1353.20116666667,769.413933333333,592.0961
330,19525.2,7529.21666666667,6943.8976,4397.51466666667,5148.97403333333,3523.32036666667,2167.0573,1463.525,1636.072,1298.24266666667,906.860733333333,712.529233333333
331,12712.9333333333,5019.591,2243.3935,2602.857,1235.5911,1006.9531,1052.08586666667,834.5376,711.436833333333,753.3125,772.522666666667,723.378533333333
332,14436.1333333333,7908.69843333333,3026.3492,2333.81666666667,1834.47703333333,1818.1581,1774.8936,1420.04413333333,1251.02573333333,1282.896,1148.7132,1067.97403333333
333,4089.2,1864.7106,1474.93333333333,934.116266666667,731.641,660.8988,713.6894,646.898333333333,555.7468,555.85,686.4476,597.814933333333
334,4475.46666666667,3007.01536666667,2029.28893333333,1373.7895,1376.78126666667,1108.8218,928.492866666667,728.432133333333,806.335533333333,750.186633333333,643.4503,688.632266666667
335,23222,10463.0166666667,4709.5495,3033.38266666667,2496.09293333333,2198.0093,2104.29503333333,1868.1095,1599.16356666667,1580.6427,1845.414,1410.3088
336,70484.5333333333,34438.0166666667,12818.1145,8147.38333333333,5510.336,3620.30336666667,3376.65596666667,4082.01703333333,3896.16213333333,3348.8183,3001.71816666667,2663.71993333333
337,9829.83333333333,5082.56586666667,2005.232,1458.0456,1089.30386666667,1227.1854,1199.44926666667,923.587,860.672266666666,845.1952,978.679266666667,786.162733333333
338,4370.06666666667,2332.41546666667,1631.12386666667,1254.98853333333,1004.0222,920.269533333333,1061.55566666667,782.868866666667,615.009966666667,695.659933333333,628.411,585.3444
339,137173.433333333,72218.4333333333,29474.149,18919.9833333333,11604.092,7164.28136666666,5237.6607,5916.86096666667,5480.38283333333,3742.4994,3733.09606666667,3201.8231
340,3442.36666666667,2554.6495,1780.98333333333,1479.18266666667,1385.21666666667,1265.54853333333,854.2486,800.945733333333,776.663866666667,661.0976,596.15,534.4976
341,6597.1,3461.43026666667,2183.36476666667,1939.166,1525.47933333333,1377.81273333333,1184.99336666667,918.7073,859.4135,808.3496,712.332666666667,630.9967
342,38183.7666666667,25450.6,9268.5,7702.25,7413.2695,3644.25296666667,2576.8263,1885.8382,2018.20496666667,1562.68886666667,1389.24226666667,1087.4568
343,92178.3333333334,40147.05,20812.2823333333,13230.15,9352.30026666667,6967.54816666666,3250.5193,3047.87623333333,2082.65913333333,1966.42353333333,1283.73343333333,1021.21946666667
344,6310.1,3255.12966666667,1788.98333333333,1421.33333333333,1070.0446,1143.365,1242.1946,731.461866666667,699.3491,661.444666666667,745.276933333333,664.445366666667
345,6570.53333333333,5374.3996,2557.91666666667,1778.5971,1477.878,1072.78016666667,929.4063,1062.34693333333,823.4965,963.1495,771.262666666667,846.682933333333
346,9763.26666666666,7071.74233333333,2494.3451,1821.76476666667,833.838966666667,557.816866666667,632.314233333334,394.1287,258.3703,162.1476,206.4397,141.2214
347,21086.4666666667,11226.7493333333,7234.54893333333,4507.26466666667,2815.1059,2382.54316666667,2207.1167,1753.5886,1818.22003333333,1804.15506666667,1649.97326666667,1494.38873333333
348,3993.53333333333,3049.94883333333,2064.71666666667,1065.69466666667,1312.92033333333,1226.09953333333,1029.95423333333,823.649166666667,772.172466666667,714.7929,721.9423,717.5456
349,16065.3,9541.61626666666,5206.897,2955.56666666667,2752.05886666667,1945.69023333333,1773.3577,1591.057,1478.2284,1551.29246666667,1230.5414,1254.162
350,11758.3,4697.53233333333,3936.36666666667,2271.91666666667,1643.9412,1315.62083333333,1442.21296666667,1352.34293333333,990.372866666667,966.528933333333,890.130433333333,889.727933333333
351,3474.36666666667,1936.1647,1448.45,1132.59883333333,797.492266666667,776.1058,892.024933333333,606.726933333333,587.074866666667,584.4108,732.091733333333,596.661933333333
352,21104.9,10269.4,5974.88333333333,4024.2,2641.11186666667,2215.909,2110.24236666667,1902.64053333333,1715.54076666667,1575.15843333333,1433.4449,1247.8117
353,10383.8666666667,7569.61426666667,3480.2995,2621.68333333333,2469.94536666667,1246.69113333333,1094.09893333333,877.494533333333,939.5257,963.080933333334,696.166266666667,604.765866666667
354,6962,8252.99643333333,3385.71993333333,2368.63133333333,1505.00976666667,1480.6701,1702.78073333333,1152.499,974.850633333333,840.6685,711.964833333333,658.0065
355,21327.7333333333,8029.24866666667,4903.11536666667,3573.43266666667,6871.77873333333,2493.0613,2101.798,1798.01186666667,1783.18026666667,1450.42663333333,1456.3804,1320.97833333333
356,48816.7666666667,25617.7833333333,9454.1,6260.6,4150.29113333333,2890.21966666667,2696.21093333333,2502.12466666667,2425.82056666667,2593.0273,2352.44063333333,1937.00533333333
357,3878,1704.3977,1294.33093333333,864.226333333333,806.208,689.902533333333,665.916733333333,668.8815,600.4414,571.681233333333,607.6131,572.6511
358,20254.4333333333,10032.9833333333,4559.01626666667,2081.21466666667,1860.91883333333,1302.20706666667,1306.30576666667,1621.6988,1178.53323333333,1115.41043333333,1181.34453333333,1578.90613333333
359,11636.6,5329.42963333334,3956.1601,2839.6145,1738.8791,1439.8686,1474.7504,1454.9713,1118.25246666667,1030.82103333333,958.327066666667,858.2188
360,21761.7666666667,11213.9580333333,4969.5785,2895.7523,1333.3138,753.421833333334,685.920066666667,518.009,382.218066666667,327.385266666667,206.806566666667,214.101033333333
361,16873.1333333333,7877.4223,4081.32596666667,2700.3086,1932.11316666667,1551.2807,1614.37766666667,1131.2409,1231.45426666667,1078.03843333333,1116.3395,1065.30033333333
362,20383.8666666667,8950.7737,3053.4772,2893.2546,5450.11816666667,1045.39493333333,1097.56756666667,353.920166666667,452.011333333333,298.024333333333,349.566866666667,248.9213
363,58677.4,25714.35,11293.45,11099.5475,20687.4543333333,6032.62723333333,4584.2971,2352.60506666667,2179.89423333333,1758.27526666667,1696.29163333333,1553.13513333333
364,8085.3,5157.83936666667,2544.03813333333,2326.5455,1805.7655,1174.86183333333,515.308133333333,385.867233333333,226.0647,187.996,106.1668,73.8884
365,18613.2333333333,4501.25656666667,2922.22486666667,2168.46266666667,1382.72353333333,1143.24563333333,1544.3247,1175.68146666667,896.921066666667,874.2192,1008.5564,819.726633333333
366,35188.1666666667,16181.7333333333,13901.0333333333,7280.38333333333,4968.77786666667,4739.84226666667,2980.1961,2267.8354,2624.25983333333,2421.23803333333,1866.06756666667,1559.93866666667
367,53879.9333333333,20280.1833333333,8855.48216666666,6146.91666666667,4847.55916666667,2905.32246666667,2612.3071,2912.097,2356.54146666667,2532.3558,2330.69413333333,2181.13816666667
368,6523.16666666667,3482.9213,2034.31126666667,1450.0926,943.463,782.587033333333,733.5811,638.403833333333,643.790566666667,644.483233333333,706.7511,654.859466666667
369,7170.86666666667,3061.73293333333,1606.41126666667,1138.69586666667,998.677433333333,1108.2946,1236.60996666667,856.4702,749.2136,873.178533333333,843.314166666667,780.7468
370,13865.8333333333,9982.213,2905.6871,2123.07693333333,978.507366666667,530.424166666667,631.7288,338.1355,233.0342,137.3345,169.5852,140.712266666667
371,21816,14311.0628333333,8212.1992,4617.4995,3047.10163333333,2430.61496666667,2089.8844,1808.2669,1951.3945,1725.51513333333,1378.30163333333,1205.8726
372,8771.43333333333,6334.27946666667,2719.3491,2394.16666666667,6701.08266666667,2144.5475,1197.128,1192.29573333333,786.1793,699.032333333333,654.883333333333,929.216666666667
373,8275.76666666667,2853.9412,1471.6271,1226.418,864.026133333333,997.032833333333,1164.88986666667,667.767366666667,750.628833333333,670.470333333333,734.682366666667,648.5098
374,55747.9666666667,29030.9,10756.15,9256.73333333333,6019.18733333334,3907.53923333333,3477.67143333333,2379.06923333333,2684.89013333333,2174.40926666667,2182.44326666667,1844.60623333333
375,20994,9932.81483333333,3687.41026666667,2869.4465,2007.67633333333,1773.60936666667,1963.072,1496.08636666667,1388.3629,1305.0519,1515.3936,1311.55453333333
376,15684.6333333333,11010.9405,4763.77593333333,2786.42176666667,1845.57606666667,1111.847,1229.69873333333,735.4368,536.828166666667,417.6242,394.7362,302.765133333333
377,25636.7,11034.8166666667,5332.9996,4247.76566666667,2694.17686666667,2174.1737,2054.74826666667,1678.7249,1568.6601,1555.7632,1471.18003333333,1158.5603
378,7433.36666666667,3192.87933333333,2786.4952,1783.3482,1239.3062,1041.5722,1105.4273,961.523933333333,811.737133333333,853.1953,696.0467,753.114933333334
379,5306.4,4029.58926666667,2062.7987,1367.70426666667,1078.84133333333,750.578966666667,913.875466666667,731.313333333333,670.394,753.6558,676.9307,573.722233333333
380,2930.13333333333,2518.8146,1642.18333333333,1149.8,991.900633333333,889.7386,943.256766666667,747.091866666667,793.3476,664.594,663.393833333333,615.020533333333
381,19055.1333333333,9258.33333333334,5310.98293333333,3146.45,2521.9873,2464.8184,2320.53266666667,1701.17326666667,1679.40916666667,1703.73056666667,1417.52513333333,1481.0299
382,13851,6979.43653333333,3612.5853,2699.93786666667,1518.6279,1515.58326666667,1426.52566666667,1341.85996666667,1189.18563333333,1248.68926666667,1178.31396666667,980.468933333333
383,16155.9666666667,11066.75,5544.7,3213.1,2565.27353333333,1882.2351,1972.4614,1419.80396666667,1226.9562,1270.5433,1119.35826666667,898.4847
384,54953.4666666667,33601.2333333333,9376.38133333333,6926.36666666667,4424.28626666667,3267.59556666667,2988.41616666667,3306.73663333333,2466.46036666667,2487.60093333333,2189.2288,1600.67556666667
385,4975.56666666667,4585.85936666667,2768.03143333333,1863.07483333333,1209.89113333333,1075.81256666667,1080.22136666667,870.453866666667,783.432533333333,299.104433333333,160.3941,124.2822
386,31785.1333333333,17259.6166666667,8085.31666666666,4903.91666666667,3697.8899,2807.05666666667,2656.96006666667,2100.422,2036.32226666667,1961.99076666667,2022.956,1651.35466666667
387,6762.56666666667,3983.85,2780.96526666667,2119.3975,1541.32286666667,1656.64683333333,1094.33503333333,951.843466666667,1041.92683333333,850.069933333333,667.5335,639.751466666667
388,10777.4333333333,7544.398,3273.099,1929.38333333333,1726.54103333333,1346.01936666667,1429.6375,1109.9913,995.355466666667,764.979333333333,837.481733333333,883.4958
389,23823.1,10685.1657666667,8170.164,4875.23133333333,5273.13613333333,3861.83203333333,2156.02203333333,1511.53653333333,1655.87926666667,1330.96393333333,985.8734,829.134933333333
390,3430.33333333333,2047.63133333333,1591.98333333333,1396.68283333333,995.597333333333,815.481866666667,760.963666666667,678.548433333333,635.648333333333,566.9962,556.248,571.6
391,37888.4666666667,15728.63,11278.2461,8688.36566666667,4834.71896666666,3601.6715,2014.86576666667,1522.42963333333,1258.76123333333,1341.17803333333,704.287466666667,486.672366666667
392,20835.9666666667,7235,3238.046,2268.0796,1765.8997,1691.73366666667,1807.5565,1483.4178,1344.11163333333,1227.3212,1327.92346666667,1167.48406666667
393,7634.66666666666,5588.71533333333,2839.048,1577.84393333333,1167.1735,1207.69883333333,1463.02916666667,961.6326,1388.22046666667,886.414033333333,1135.68976666667,783.4331
394,10064.8,9130.61666666667,3133.114,2094.19,1723.6482,1429.44523333333,1497.51226666667,1686.90616666667,1119.78373333333,993.7533,1019.21076666667,847.604566666667
395,47755.7,23197.9492,9784.56116666667,4396.74693333333,2402.64056666667,2057.19686666667,1929.94303333333,1563.6281,1543.2042,1366.8557,1118.48443333333,1190.84326666667
396,15253.3333333333,8663.57696666666,3273.47583333333,2651.178,3554.80883333333,1852.97656666667,1839.79913333333,1268.49753333333,1175.00686666667,1105.56996666667,896.2566,690.7398
397,14502.5666666667,7117.0637,3319.7932,2697.24166666667,1402.9345,1398.46763333333,1174.4516,843.0697,594.234366666667,440.867533333333,241.933666666667,229.435833333333
398,26380.6666666667,8452.97983333333,6198.3936,7036.32416666667,3312.0858,2930.10173333333,1448.37133333333,1207.0732,881.846033333333,700.668966666667,302.396233333333,225.720733333333
399,31414.0333333333,13705.3303,5202.9602,3512.77643333333,1996.0706,1740.6571,1813.05656666667,1887.3543,1408.23233333333,1358.16816666667,1393.51013333333,1236.34256666667
400,5990.3,2931.08,1956.26666666667,1571.81666666667,1322.47233333333,1005.32653333333,970.538033333333,915.422766666666,897.690866666667,865.059166666667,806.4104,815.6974
401,4695.13333333333,3375.94716666667,2030.86626666667,1531.9,1147.62446666667,1122.26043333333,1051.22443333333,871.259033333333,709.7484,731.764,701.915266666667,662.414266666667
402,11023.5333333333,3392.3645,1739.68133333333,2449.88333333333,5499.0107,1224.96813333333,1107.72663333333,811.708666666667,738.910833333333,640.729,720.028933333333,695.0155
403,6869.66666666667,3376.81946666667,1245.56783333333,1648.6905,784.3856,857.704,960.622833333333,761.162533333333,657.291966666667,535.313,295.548966666667,212.745066666667
404,108973.5,66660.4666666667,21170.3166666667,17489.3833333333,11291.6344,6389.47556666667,4673.0487,4432.94053333334,5001.67833333333,4102.02096666667,3191.00336666667,2741.58346666667
405,6341.03333333333,2534.69433333333,1634.76266666667,1169.94693333333,872.582933333333,760.0821,793.354166666667,874.8027,674.8018,722.2929,678.0755,637.462666666667
406,8841.43333333333,5086.07846666667,1715.13396666667,2008.15786666667,3230.5566,1230.52246666667,1352.47973333333,1162.78443333333,796.261033333333,837.588233333333,754.695333333333,878.0003
407,7089.26666666667,4655.73333333333,1983.9488,1382.6416,1007.2136,1254.65606666667,1264.79353333333,947.841133333333,763.625433333333,662.9136,778.6452,705.307333333333
408,14416.9666666667,8152.215,6193.63143333333,3457.7996,2883.71086666667,1916.90836666667,1751.93553333333,1530.426,1510.55783333333,1337.6128,1135.8123,1011.44416666667
409,16797.1,7350.7496,3101.48333333333,2527.2,2194.14853333333,2223.21626666667,1809.97953333333,1901.7126,1466.76506666667,1773.4599,1290.4868,1362.55683333333
410,6480.06666666667,3436.86346666667,2264.82933333333,1948.2495,1531.84006666667,914.1635,784.927033333333,648.825666666667,676.908933333333,594.3621,591.7476,544.9496
411,21591.1,8156.9939,3735.07816666667,3685.93126666667,1778.53803333333,1357.74826666667,1114.55363333333,739.986766666667,692.505,526.9081,513.0213,325.593066666667
412,5483.86666666667,3178.34416666667,1835.09033333333,1238.28926666667,1148.82573333333,1249.30056666667,828.495033333333,755.040466666667,738.5961,418.836666666667,264.292433333333,159.7243
413,22044.5666666667,9405.75,4530.9995,2833.26666666667,1994.02233333333,1870.94036666667,1869.79456666667,1541.7424,1902.4394,1521.92186666667,1699.80726666667,1231.7709
414,14164.3666666667,6558.98033333333,4426.53053333333,2569.76376666667,2195.77926666667,1989.24943333333,1981.27733333333,1441.78623333333,1452.84026666667,1555.40823333333,1204.62,1310.8925
415,4547.3,2263.6751,1545.0426,1484.4476,985.264566666667,895.909233333333,984.756666666667,817.5095,718.7812,675.6436,764.825633333333,643.839266666667
416,7140.1,4892.0586,2058.907,1477.2296,1015.54,874.853366666667,776.815833333333,593.7574,382.052833333333,173.4396,113.099633333333,137.315166666667
417,3338,1848.2082,1185.71266666667,843.9976,693.6607,691.296766666667,666.7414,649.664433333333,561.0468,559.666,629.862266666667,549.1275
418,108696.6,57104.7333333333,27287.5666666667,15698.6333333333,10203.0474,5532.58166666667,3401.08793333333,3375.10453333333,3291.17926666667,2649.20223333333,2294.10953333333,2007.13013333333
419,12785.7333333333,5314.70996666667,4728.61086666667,3137.38333333333,2455.57156666667,2001.46016666667,1431.93396666667,1619.31063333333,1406.5078,1194.4116,1046.2607,1005.1921
420,11066.2666666667,5953.41666666667,4263.78233333333,2725.08283333333,2489.79113333333,2191.93426666667,1579.5193,1246.79146666667,1153.746,944.558566666667,788.1412,573.565366666667
421,36266.9333333333,14384.9911666667,5525.9644,4334.1049,1626.30086666667,838.521,740.4987,664.469966666667,448.449766666667,389.990133333333,224.4307,257.264033333333
422,4636.43333333333,4200.4107,3214.15266666667,1584.41733333333,1104.4186,1061.23033333333,1227.73523333333,825.216633333333,836.374033333333,678.712066666667,776.2305,825.275
423,6386.2,3849.112,1564.9986,1205.5062,928.6351,919.045166666667,947.765766666667,637.959066666667,365.7589,168.588266666667,193.0189,164.497666666667
424,68314.6,34927.8,12951.0313333333,8596.95,5980.4068,4106.70926666667,3299.19176666667,3073.59043333333,3513.6021,3309.30973333333,2718.8443,2462.67626666667
425,11327.9666666667,8067.6371,3155.87493333333,1577.62933333333,1114.96496666667,977.584366666667,947.794233333333,800.729533333333,1194.27333333333,806.6018,770.575933333333,583.942733333333
426,24935.9,13378.6485333333,7228.9936,5025.3495,7672.37956666667,3285.4763,2278.29306666667,1652.8764,1535.31763333333,1373.51343333333,933.7575,701.8176
427,10817,10816.4367666667,3057.77903333333,2470.52036666667,1159.4118,651.539,608.1876,462.4279,254.0013,239.2856,262.577,111.8555
428,5417,2032.44663333333,1233.0445,1154.15616666667,807.793433333333,765.549266666667,878.735833333333,645.970133333333,585.8866,721.307333333333,581.982766666667,614.6838
429,13977.7666666667,6410.7,4796.11626666667,3436.65,7580.4981,3550.34373333333,2198.0935,1323.53013333333,1263.41116666667,1077.76046666667,901.1135,714.698
430,14618.0333333333,9155.86666666667,5307.21666666666,3119.05,3416.51376666667,3252.3105,2069.59853333333,2137.11526666667,1362.66266666667,1556.9468,1048.6953,948.930833333333
431,26232.6333333333,11607.9166666667,8088.68333333333,4311.53333333333,3919.18293333333,2688.7265,2222.77296666667,2096.1761,1942.5458,1925.55806666667,1633.67753333333,1497.10443333333
432,3375.06666666667,2363.03333333333,1499.63253333333,1206.048,875.959666666667,884.3085,1148.249,631.494933333333,562.0985,545.646,581.9126,576.4995
433,14540.5666666667,9071.664,4505.25,2841.66666666667,1966.13736666667,1606.02076666667,1755.4918,1426.52176666667,1175.49913333333,1446.50853333333,1208.745,944.534533333333
434,4934.23333333333,3277.06616666667,2020.43133333333,1354.87133333333,1361.15246666667,1094.3696,1029.3721,790.472266666667,735.464266666667,625.694266666667,682.699333333333,700.6281
435,8116.53333333333,4827.85,2067.56626666667,1470.90826666667,1158.46893333333,1381.64296666667,1376.97983333333,994.574466666667,913.177433333333,684.9476,769.661866666667,796.707333333333
436,4988.66666666667,5323.10536666667,2021.82643333333,1633.89243333333,1175.35193333333,899.9098,909.135633333333,797.894066666667,752.8839,665.5497,631.085533333333,489.086466666667
437,12628.2,5985.18333333334,3557.6985,2444.35,2869.3995,3834.29516666667,1628.5126,1434.64566666667,1210.8784,964.246433333333,802.1464,618.0996
438,9511.43333333333,10236.7173,3373.4586,2360.00143333333,1402.80486666667,1028.64103333333,1236.78206666667,556.851433333333,552.2174,516.553466666667,226.5358,332.448366666667
439,65494.5666666667,32941.0166666666,15674.7963333333,6923.38093333334,4124.1882,3059.09326666667,2594.29083333333,2956.32273333333,2602.34396666667,2185.97603333333,2181.98736666667,2062.33913333333
440,5556.3,2802.73256666667,1613.952,969.820933333333,823.055333333333,775.588366666667,859.0725,634.926533333333,616.040333333333,176.047266666667,164.3574,152.101066666667
441,21173,9802.8605,4831.03216666667,5132.33226666667,11918.7689666667,3267.29926666667,2853.21896666667,1734.42026666667,1467.15906666667,1331.17903333333,1131.54936666667,986.899433333333
442,3281.06666666667,2385.81193333333,1505.68293333333,1149.21426666667,1143.41,901.253266666667,970.261266666667,800.450533333333,772.8116,760.028933333333,670.681933333333,686.679533333333
443,6803.63333333334,3844.67783333333,1759.29286666667,1563.42883333333,967.1796,908.1966,1297.82,800.623266666667,662.252466666667,332.335066666667,185.060533333333,210.266566666667
444,18957.6666666667,8189.2772,5377.1583,4032.03253333333,2489.64473333333,1973.9435,1856.81393333333,1516.3575,1370.77023333333,1236.79396666667,847.0727,750.003666666667
445,3814.43333333333,2218.1213,1755.48293333333,1016.16433333333,901.007833333333,864.8768,896.163766666667,851.909933333333,640.814,623.9468,714.527733333333,621.495666666667
446,29164.3333333333,13604.3666666667,5411.75,3466.9,2943.27796666667,2297.41263333333,1978.34326666667,2119.42566666667,1909.16436666667,2142.29723333333,1989.5144,1674.97566666667
447,19741.7666666667,10763.55,6010.3495,4369.55,8665.21076666667,3549.7884,2084.19476666667,1387.44233333333,1297.73676666667,1463.2929,1032.4435,747.230633333333
448,3652.83333333333,2448.2108,1728.18133333333,1492.9475,1077.11246666667,797.432066666667,851.517633333333,720.993466666667,664.339466666667,695.5914,737.3436,610.318666666667
449,6224.13333333333,3168.56666666667,2009.4,1624,1244.2944,968.257066666667,1017.2135,789.692466666667,595.356366666667,673.294266666667,648.6277,650.5956
450,14663.9666666667,5353.04366666667,2596.2941,2198.195,1795.63976666667,1655.38383333333,1709.98916666667,1150.40313333333,1002.74683333333,1203.70026666667,1093.0945,986.507966666667
451,2873.5,1779.05,1257.51546666667,1025.04276666667,844.979166666667,778.376933333333,786.130133333333,644.507766666667,574.248,656.014666666667,580.0966,526.764
452,37691.2666666667,13739.0333333333,6919.049,4290.46626666667,3170.95773333333,2511.9073,2175.82613333333,2284.37146666667,1924.82756666667,2149.83976666667,1954.39313333333,1897.7008
453,14122.6666666667,7580.61666666667,3661.96666666667,2396.11666666667,1869.11086666667,1452.17616666667,1509.09693333333,1050.2625,1110.56213333333,1055.97453333333,1096.65886666667,971.611166666667
454,82458.2333333333,40421.2666666667,16834.1,10432.8,7492.1254,4518.0347,3618.4133,3996.82523333333,3998.56873333333,4057.59166666667,3262.4743,2974.8225
455,5178.23333333333,3114.349,1677.16666666667,1547.8635,1243.32833333333,980.105766666667,1009.30886666667,901.779333333333,744.193166666667,703.328333333333,721.430833333333,619.95
456,9031.63333333333,4655.91666666667,2230.81666666667,1655.71626666667,1278.3081,1133.82116666667,1379.95713333333,940.407833333333,969.7402,837.6624,1037.7948,986.257133333333
457,4970.83333333333,3787.1,2109.633,1507.87453333333,1701.50883333333,1450.95386666667,1215.154,1000.27173333333,826.511066666667,853.393866666667,741.613466666667,669.328933333333
458,15571.8333333333,8882.16666666666,3716.58133333333,2824.06466666667,2341.025,2020.00846666667,1826.33086666667,1525.74406666667,1647.96446666667,1410.04143333333,1480.71336666667,1287.49596666667
459,19233.3666666667,8956.1971,3088.54733333333,2682.78216666667,1698.35083333333,1770.54466666667,1710.97923333333,1336.43493333333,1259.66736666667,1158.96766666667,1284.89036666667,1061.93623333333
460,15094.2333333333,7272.74853333333,3357.41186666667,2395.89366666667,1769.68096666667,1739.0105,1831.0426,1437.43613333333,1307.0992,1223.92703333333,1159.7355,1086.93036666667
461,8156.23333333333,5966.86913333333,3925.01853333333,1847.73063333333,1501.4428,746.659766666667,741.628866666667,505.1162,385.8414,374.931166666667,282.4639,232.954933333333
462,60014.2333333333,25223.85,11627.9,5204.0155,3354.14646666667,2418.67843333333,2376.09516666667,2088.2788,2098.2707,2005.83303333333,1690.20813333333,1515.19523333333
463,93636.5,41361.6666666667,18314.8316666667,10931.0313333333,8224.42663333333,4216.1903,3870.68933333333,4248.8577,4446.6342,3944.32656666667,3545.5723,3358.10293333334
464,9922.33333333334,6151.97996666667,4291.04743333333,2553.63133333333,2387.09986666667,2144.0696,1388.38843333333,1297.85036666667,1368.73376666667,1154.97493333333,1005.5369,934.6723
465,2581.2,1418.56576666667,1056.66186666667,695.3236,607.3503,691.4712,770.572333333333,572.573933333333,534.7396,560.1287,593.9032,546.589066666667
466,17219.2333333333,7707.26166666667,5301.3977,3328.84833333333,2615.58433333333,2386.73536666667,2206.35746666667,1713.97396666667,1903.37956666667,1800.87913333333,1396.0237,1475.22613333333
467,14652.2,7254.58333333333,4798.28333333333,3340.8,3666.96616666667,3511.18146666667,2358.5976,1653.56506666667,1504.6476,1220.61176666667,965.695666666667,696.0972
468,21527.9,9875.1432,6143.67726666666,4401.96626666666,2987.4553,2361.70943333333,2071.0993,1703.77846666667,1792.00296666667,1481.47246666667,1063.4242,1110.87426666667
469,61177,33019.4828333333,11200.1818333333,10046.2489333333,6200.17943333333,3787.80213333333,3558.53773333333,2478.58653333333,2915.103,2513.31886666667,2413.3667,2036.22086666667
470,9249.23333333334,3880.9569,3626.4882,2518.55676666667,1817.51186666667,1119.771,630.353033333333,571.933033333333,536.0693,409.837066666667,199.0817,198.116433333333
471,50319.2,32496.4493333333,9480.11476666667,8069.65,4815.37416666667,3652.94206666667,2910.0233,2720.1403,2916.1444,2281.55646666667,1903.50686666667,1536.8381
472,87606.5333333333,42425.3166666667,15741.35,13397.4973333333,7864.59993333333,4477.52,3925.05006666667,3497.90196666667,3496.84926666667,2977.26893333333,2640.92853333333,2207.08606666667
473,81699.1666666667,34704.6162666667,18698.1776666667,10149.0826666667,7405.47553333333,4542.9821,2658.7303,2430.16096666667,1767.2031,1449.76233333333,1451.29056666667,1157.285
474,14126.6,4918.81626666666,2552.63333333333,2262.998,1883.92953333333,1695.6775,1664.2988,1466.9966,1163.9271,1555.07613333333,1105.70896666667,1069.80443333333
475,20941.5333333333,11576.0666666667,8063.63333333333,4590.88293333333,4808.91753333333,3813.42226666667,2128.87206666667,1537.6353,1589.08806666667,1435.04996666667,1051.6308,764.009833333333
476,7466.1,3424.11493333333,1811.38333333333,1791.93133333333,1290.43133333333,1118.72953333333,1220.3124,859.326333333333,811.6472,726.1296,752.5491,656.5491
477,60089.2666666667,30681.4333333333,12032.6162666667,9774.3,6431.7964,3643.3272,3218.7191,2325.28616666667,2654.7216,2382.8897,2170.606,1787.52036666667
478,19859.0333333333,8114.73093333333,3658.58093333333,3558.24933333333,2053.39743333333,1602.90166666667,1748.53683333333,1161.65746666667,1033.71856666667,1056.12173333333,1047.84503333333,842.363033333333
479,97608.8,53196.3495,23315.1826666667,13700.9,8909.15056666667,4129.07653333334,2543.45513333333,2478.96246666667,2238.38163333333,2030.5312,1728.8128,1266.93873333333
480,7096.83333333333,2112.68553333333,1365.37933333333,1023.7496,835.942933333333,855.272966666667,675.121833333333,628.640433333333,641.313933333333,659.316666666667,748.929633333333,579.415333333333
481,8721,5221.6063,2312.37666666667,1844.82426666667,1271.17043333333,1171.81526666667,1238.22106666667,878.560566666667,954.6346,914.740366666667,874.249566666667,797.9048
482,51010.1666666667,24213.4,10944.7496,6418.43333333333,4336.70033333333,2897.03893333334,2689.19603333333,2532.04633333333,2330.49303333333,2394.61853333333,2140.1281,1923.81036666667
483,5648.23333333333,4592.36216666667,1503.6587,1188.59486666667,1147.74536666667,1011.89136666667,1028.95486666667,748.6032,631.217566666667,551.2013,288.648866666667,181.277633333333
484,26919.1666666667,14270.4825333333,5595.7907,3357.45426666667,2611.21526666667,2445.40713333333,2047.9099,1914.87256666667,2120.08813333333,2076.7098,1566.99063333333,1359.00883333333
485,75087.5666666667,35495.6333333333,16957.2166666667,9802.15,7000.89513333333,4062.78606666667,3721.01393333333,4121.22726666667,3805.56943333333,3736.6734,3332.3277,3016.72506666667
486,8306.9,7472.75,3626.28233333333,2548.4976,2560.19693333333,1726.5037,1395.9911,1744.5642,1366.0956,1384.36616666667,1076.24153333333,1256.97476666667
487,5354.86666666667,2071.0789,1741.7445,1343.1976,989.063666666667,843.572033333333,737.076266666667,678.653266666667,585.588366666667,620.5616,615.7166,586.223166666667
488,15557.8333333333,3659.04883333333,2539.2,2061.449,1377.74056666667,1037.38213333333,1232.09453333333,994.438433333333,901.433533333333,1122.07463333333,861.374266666667,868.4886
489,23361.6,8792.26576666667,4488.92943333333,3177.73333333333,2137.13306666667,1703.05233333333,1897.03826666667,1433.7644,1417.1425,1432.27403333333,1378.04153333333,1130.63393333333
490,14304.1,8753.24933333333,4267.52833333333,2543.86666666667,1981.39586666667,1736.4125,1715.9342,1380.46886666667,1249.94176666667,1284.997,1047.8503,910.9442
491,18482.6333333333,10445.9826666667,5283.964,4271.13243333333,6872.80773333333,1909.5144,2400.81816666667,1592.50316666667,1355.8085,1339.8761,1336.1062,1236.91566666667
492,11665.3333333333,5103.1642,2789.51466666667,1965.73266666667,2777.5386,1591.90093333333,1543.33586666667,1015.6223,1060.14196666667,933.566533333333,958.913366666667,796.462466666667
493,12295.5666666667,6003.88333333333,4145.18283333333,3373.55,4173.5597,2496.1589,1425.59326666667,1267.9115,1311.7754,1505.24673333333,791.6491,802.266266666667
494,3023.3,1778.32316666667,1404.86933333333,1232.684,930.096366666667,811.027566666667,879.4392,661.306666666667,674.9199,661.234466666667,605.4599,550.3274
495,28759.9333333333,15422.7,7587.96666666666,5945.01626666667,3997.07663333333,3259.7926,2560.63106666667,2387.2462,2454.64713333333,2335.9927,1862.95483333333,1797.34333333333
496,3317.43333333333,2486.76496666667,2140.18133333333,1528.05,1098.44453333333,853.7407,900.3144,678.243533333333,657.478533333333,679.980266666667,582.8496,559.233333333333
497,20961.5333333333,12628.2495,5305.12933333333,3713.4996,2712.36976666667,1848.9886,1940.63216666667,1413.8465,1344.899,1394.70136666667,1370.01346666667,990.086633333333
498,50286.9333333333,21629.5495,10637.7321333333,6103.53333333333,4370.10433333333,3351.7737,2749.2647,2789.17646666667,2594.6236,3010.99046666667,2564.02636666667,2433.4569
499,8657.06666666667,5179.96566666667,2403.86666666667,1916.03333333333,1850.9063,1368.8543,1323.6678,1029.75423333333,937.818733333334,895.0863,800.457066666667,651.0316
500,60684.2333333333,30922.2666666666,16387.415,6833.82853333333,4116.90226666667,2912.80276666667,2332.6434,2714.63616666667,2155.9539,2013.60603333333,1883.70473333333,1851.58663333333
501,75762.2,39912.9833333333,15119.7996,13087.2973333333,7811.19176666667,4129.20923333333,3581.76293333333,3156.3537,3098.4722,2778.0197,2208.00493333333,1842.8361
502,9679.9,8960.31613333333,4389.93493333333,3247.45566666667,3495.5747,2013.53696666667,2069.75056666667,1282.05733333333,1425.08736666667,1210.80853333333,1051.7555,923.349033333333
503,3028.36666666667,2218.03903333333,1215.66133333333,1031.60226666667,794.193933333333,760.7983,857.1798,723.999433333333,621.9083,616.6314,643.903366666667,601.551566666667
504,4389.26666666667,5027.55336666667,1730.88783333333,1430.164,876.4892,456.676166666667,493.700766666667,338.007033333333,254.076566666667,258.7178,144.406933333333,162.581833333333
505,11205.3,3264.49693333333,1952.36666666667,2204.93333333333,1053.2087,803.789,874.097766666667,760.2444,776.8471,738.647333333333,690.85,613.581333333333
506,32692.8,15412.3329333333,6639.36366666667,4523.98333333333,3146.68713333333,2353.87016666667,2201.9462,1894.7756,2013.98853333333,1914.45463333333,1742.3112,1612.52363333333
507,77485.2666666666,49434.95,16480.5166666667,11969.2996,8007.05813333333,5147.35203333333,3925.37193333333,3764.2232,3965.70933333333,3336.21693333333,2834.52306666667,2408.60216666667
508,22424.5666666667,9719.15,5772.88176666667,3183.13333333333,2275.17803333333,1799.84253333333,1984.10956666667,1568.41903333333,1665.8105,1535.0133,1483.40986666667,1177.0104
509,3932.66666666667,4542.3094,1555.84353333333,1241.2153,823.435866666667,873.438733333333,1091.97746666667,714.618533333333,582.8573,315.0786,190.469766666667,140.3659
510,5758.8,4156.13233333333,2859.06666666667,1610.3996,1817.48216666667,1477.31066666667,1222.26176666667,1088.60046666667,1078.42916666667,1049.16546666667,924.497433333333,920.813466666667
511,6350.6,4384.81666666667,3531.6,2238.35,1981.09933333333,1859.44933333333,1109.215,1214.93056666667,1324.8296,1067.66526666667,976.996333333333,877.298333333333
512,6057.56666666666,3540.9125,1718.23293333333,1427.49866666667,1191.48323333333,895.540533333333,923.7911,826.331866666667,616.647866666667,607.613466666667,594.8988,605.047
513,26166.2,11161.6326666667,7735.68133333333,4454.398,3039.35423333333,2857.26916666667,2589.1395,1757.81956666667,2172.4275,1825.09393333333,1853.84006666667,1481.53453333333
514,24799.8333333333,12982.5,7656.21566666667,5008.55,3744.0053,2516.95536666667,2236.1019,2020.20736666667,2158.01293333333,2085.16226666667,1444.83836666667,1393.67786666667
515,17739.0666666667,7228.9996,6995.23133333333,4308.88293333334,4781.29376666667,3525.29006666667,1650.90823333333,1383.3105,1609.65863333333,1394.9418,844.730933333333,768.3138
516,36345.9333333333,15760.1495,6603.7475,4383.9,2915.05936666667,2486.34,2364.82866666667,2095.60246666667,1791.10743333333,1872.79073333333,1923.97446666667,1607.2316
517,16883.9333333333,7258.95613333333,3611.59906666667,2235.22643333333,1408.2469,1273.1665,946.038466666667,556.2574,646.8839,486.212266666667,277.096833333333,343.272266666667
518,17741.5333333333,7470,3221.56386666667,2501.9936,1886.10623333333,1604.44316666667,1814.2263,1505.73936666667,1138.42306666667,1260.82293333333,1450.47743333333,1117.07156666667
519,4819.93333333333,3377.87776666667,1686.80826666667,1249.36816666667,956.551333333333,933.573533333333,892.151666666667,852.4001,681.421133333333,647.695,817.364266666667,829.807333333333
